sample_id,theta_deg,thickness_t,length_l,height_h,relative_density,is_dfam_valid,poisson_ratio,e_effective_gpa,sigma_y_effective_mpa,m_total_kg,first_natural_freq_hz,second_natural_freq_hz,third_natural_freq_hz,peak_3sigma_stress_mpa,payload_grms,transmissibility_ratio,margin_of_safety_yield,fatigue_damage_steinberg,is_nasa_gevs_compliant,execution_mode,modal_frequencies_str
1,67.04350970600031,1.2148830305428642,4.8558398972512276,11.331260846107275,0.42709042192494145,0.0,-19.69824658970268,12.403623538001668,19.25878294882936,0.18195989282348712,794.7211699587234,1009.2958858475787,1462.2869527240512,62.18081572283932,3.297814801369496,0.23388757456521247,1.9591120325624143,7.614182343102244e-05,0.0,calibrated_proxy,794.7;1009.3;1462.3;1708.7;2082.2;2463.6;2765.6;3139.1;3504.7;3894.1
2,60.09923755640558,1.205959449328557,8.47125952674731,13.316133442485004,0.20912886729751778,1.0,-8.507712194575033,2.973972053325711,6.598877533992079,0.13400835080545392,620.6792422656861,788.2626376774214,1142.0498057688624,113.20107315875434,3.4956721086532596,0.24792000770590494,0.6254262867451488,0.0034961961421850823,1.0,calibrated_proxy,620.7;788.3;1142.0;1334.5;1626.2;1924.1;2160.0;2451.7;2737.2;3041.3
3,60.48916772662549,0.842697304934213,9.374740854391984,7.743762296364331,0.15201100355131436,1.0,-6.083895480518832,1.5712994736460841,4.089419183886006,0.12144242078128915,589.5543082676506,748.7339714999164,1084.7799272124773,144.86597160964848,3.9075971792565127,0.27713455172032003,0.27013955006494483,0.01776806335706018,1.0,calibrated_proxy,589.6;748.7;1084.8;1267.5;1544.6;1827.6;2051.6;2328.7;2599.9;2888.8
4,59.6748608019457,1.0393476189229354,5.952792051725357,11.650044971465682,0.24259741565643192,1.0,-9.549128035661003,4.002038413656213,8.244766222533636,0.14137143144441502,643.4222373691803,817.146241458859,1183.8969167592918,100.41794793474227,3.334396187230825,0.23648199909438475,0.8323417654339487,0.0016045677611892205,1.0,calibrated_proxy,643.4;817.1;1183.9;1383.4;1685.8;1994.6;2239.1;2541.5;2837.5;3152.8
5,79.58907924908786,1.227808698362457,8.72172425710448,8.209619153605443,0.5952109544279182,0.0,-57.973961374427255,24.09077345842754,31.685127858676665,0.218946409974142,939.7857568518236,1193.527911201816,1729.2057926073555,46.327805286347676,3.0527724206503515,0.21650868231562778,2.9716968861942377,1.217019307551144e-05,0.0,calibrated_proxy,939.8;1193.5;1729.2;2020.5;2462.2;2913.3;3270.5;3712.2;4144.5;4605.0
6,68.58934466396978,1.6740664268878387,6.097675364898858,14.595747835691952,0.496943461366235,0.0,-23.226559998972558,16.79279065803652,24.171831698763313,0.19732756150057168,855.3957643499028,1086.3526207243767,1573.9282064038214,54.42016536732896,3.1998182508288875,0.22693746459779343,2.381099611844694,3.310388713121061e-05,0.0,calibrated_proxy,855.4;1086.4;1573.9;1839.1;2241.1;2651.7;2976.8;3378.8;3772.3;4191.4
7,72.15188583603864,1.580907367478962,6.341483654321512,13.903457160918148,0.5422542366287357,0.0,-31.86113571614243,19.994696685643277,27.55202485122617,0.20729593205832186,894.5380025152102,1136.063263194317,1645.9499246279868,50.35825250911924,3.1290280847920915,0.22191688544624763,2.6538201949458022,2.0427917340601016e-05,0.0,calibrated_proxy,894.5;1136.1;1645.9;1923.3;2343.7;2773.1;3113.0;3533.4;3944.9;4383.2
8,55.33159290518308,0.692993341170155,5.169274780840517,13.170581115735516,0.159010647228337,1.0,-8.56693093283882,1.7193382433742752,4.375104178006291,0.12298234239023413,592.7075799293868,752.7386265103213,1090.581947070072,140.04879662310756,3.4037299409381463,0.2413992865913579,0.31382778314883897,0.014193357568214778,1.0,calibrated_proxy,592.7;752.7;1090.6;1274.3;1552.9;1837.4;2062.6;2341.2;2613.8;2904.3
9,75.4772012432111,1.1122085502155676,8.356214419642033,12.167546428282325,0.378360796717686,1.0,-37.318373756890814,9.734668689513265,16.05862245138685,0.1712393752778909,752.6619582055263,955.8806869210184,1384.8980030981684,69.08379961474478,3.2093630996349436,0.22761440422942864,1.6634319627192058,0.00014753773162828364,1.0,calibrated_proxy,752.7;955.9;1384.9;1618.2;1972.0;2333.3;2619.3;2973.0;3319.2;3688.0
10,77.16616612631677,1.5266884612375424,6.877770071845829,9.479514907860821,0.7172906671073346,0.0,-46.5048493314073,34.98640127611139,41.917161020910314,0.2458039467636136,1041.267698079022,1322.409976560358,1915.9325644654007,39.136438834831736,2.9001980811112444,0.20568780717101026,3.7015008385545434,4.282132874574483e-06,0.0,calibrated_proxy,1041.3;1322.4;1915.9;2238.7;2728.1;3227.9;3623.6;4113.0;4592.0;5102.2
11,62.93736577288737,0.6328761397725386,6.050063223710268,14.736222722208655,0.15330757943914097,1.0,-14.309865044973531,1.5982185461172194,4.1418515655721295,0.12172766747661101,590.1222124273698,749.4552097827598,1085.8248708663605,143.94846668922733,2.841776070227967,0.20154440214382743,0.2782352200891487,0.01703314032979908,1.0,calibrated_proxy,590.1;749.5;1085.8;1268.8;1546.1;1829.4;2053.6;2331.0;2602.4;2891.6
12,71.90944666680615,1.6162013325293083,4.49552972315544,10.191651350885126,0.7676943865739617,0.0,-31.720536822873964,40.07611764004765,46.41214477514183,0.25689276504627157,1081.864040862089,1373.967331894853,1990.629835186244,36.78688296497265,2.845263652678169,0.20179174841689143,4.001782841324154,2.9203162889087287e-06,0.0,calibrated_proxy,1081.9;1374.0;1990.6;2326.0;2834.5;3353.8;3764.9;4273.4;4771.0;5301.1
13,76.1746789611349,1.025043038606869,7.152216698399201,13.568231241695836,0.4074606960324111,0.0,-48.771460883973845,11.28964687916275,17.946413697945907,0.17764135312713042,777.7158649523915,987.6991484895372,1430.9971915124004,64.78545816240805,3.2623409765253357,0.23137170046278976,1.8401435324998063,9.849474523276568e-05,0.0,calibrated_proxy,777.7;987.7;1431.0;1672.1;2037.6;2410.9;2706.5;3072.0;3429.7;3810.8
14,68.02624605159228,1.7895198060234445,7.1057957600375445,11.857988644062456,0.47556028954971113,1.0,-17.1952157435513,15.378716051769146,22.628588503533663,0.19262326370093646,836.8357766786246,1062.7814363818532,1539.7778290886693,56.578230294524026,3.2351076703789206,0.22944026031056175,2.2521342403636226,4.218914744727197e-05,0.0,calibrated_proxy,836.8;1062.8;1539.8;1799.2;2192.5;2594.2;2912.2;3305.5;3690.4;4100.5
15,62.09368131505338,1.6350987868765372,8.546561202597605,12.054079429498058,0.3038377158403148,1.0,-9.255174886545943,6.2775803145600735,11.556108599336527,0.15484429748486928,690.3739822497799,876.7749574572206,1270.2881273395951,83.30568425198375,3.519623613551329,0.24961869599654815,1.2087328332054175,0.0004833000152419042,1.0,calibrated_proxy,690.4;876.8;1270.3;1484.3;1808.8;2140.2;2402.5;2727.0;3044.5;3382.8
16,78.42409705750057,0.9562155181866772,6.259019368439494,11.505720108907145,0.5185033272235029,0.0,-68.55782085287134,18.281507623245318,25.761812328369952,0.20207073198917064,874.0595270330862,1110.0555993320195,1608.2695297408786,52.40736756184462,3.1654711041816777,0.2245014967504736,2.5109567329987756,2.6179046763455055e-05,0.0,calibrated_proxy,874.1;1110.1;1608.3;1879.2;2290.0;2709.6;3041.7;3452.5;3854.6;4282.9
17,67.71227579324115,1.3670999143972633,8.634201368297417,8.886764528845314,0.3235218683862636,1.0,-12.573440394878261,7.117315154041443,12.697100402301366,0.159174811044978,706.4429838170134,897.182589447607,1299.8550902233048,78.99836577945652,3.109262793643538,0.22051509174776868,1.3291621058805383,0.00034468716654878506,1.0,calibrated_proxy,706.4;897.2;1299.9;1518.9;1850.9;2190.0;2458.4;2790.4;3115.4;3461.6
18,79.38311126721248,1.458601762878828,4.1120197581555225,11.69186324506197,1.2185406468651254,0.0,-110.78932558343904,68.0,69.0,0.35607894231032755,1170.81382874366,1486.9335625044482,2154.2974448883347,23.79633795155365,2.735047903144633,0.19397502859181795,6.732282184536161,1.6341863658216812e-07,0.0,calibrated_proxy,1170.8;1486.9;2154.3;2517.2;3067.5;3629.5;4074.4;4624.7;5163.3;5737.0
19,73.61532843166245,1.681044122829294,8.335732425720234,11.993915317285154,0.5125615742129539,0.0,-28.91539585360881,17.86491698045698,25.320259828852137,0.20076354632684984,868.9221360139638,1103.531112737734,1598.8167302656934,52.94680860812762,3.1748150349024415,0.22516418687251358,2.475185848533938,2.7902061249305247e-05,0.0,calibrated_proxy,868.9;1103.5;1598.8;1868.2;2276.6;2693.7;3023.8;3432.2;3831.9;4257.7
20,77.51792683081578,0.9110129241934858,6.391909833141042,12.138703785531948,0.44709322642670485,0.0,-60.09920094508883,13.592680011931574,20.627482441624128,0.18636050981387506,812.0939538882009,1031.359321438015,1494.2528751542898,59.73715522449506,3.2840194476862665,0.23290918068696925,2.0801600663526623,5.923985641762958e-05,0.0,calibrated_proxy,812.1;1031.4;1494.3;1746.0;2127.7;2517.5;2826.1;3207.8;3581.3;3979.3
21,68.25993827915208,1.6220421842631518,9.376474394688223,11.814294944932017,0.34779490799240875,1.0,-14.819814913249207,8.225368265730468,14.1525246393128,0.1645148797583299,726.6864067632712,922.8917365893544,1337.102988444419,74.27342079910727,3.1534967672091887,0.22365225299355948,1.477333048893469,0.00023310908837069526,1.0,calibrated_proxy,726.7;922.9;1337.1;1562.4;1903.9;2252.7;2528.9;2870.4;3204.7;3560.8
22,72.48745620408374,0.5441464386574479,5.015837124224123,6.267720029616198,0.26586791057025405,1.0,-23.204075117278283,4.806630719227497,9.459059874312493,0.1464909403254559,660.5999380527071,838.9619213269381,1215.5038860169811,93.13210288536177,3.0066864209938835,0.21324017170169388,0.9756882353068888,0.0009870959730684911,1.0,calibrated_proxy,660.6;839.0;1215.5;1420.3;1730.8;2047.9;2298.9;2609.4;2913.2;3236.9
23,58.819643466571456,1.4567248088813736,6.524747436334221,14.999813336141866,0.29384058644378486,1.0,-10.068212177223012,5.871275736430663,10.990482621742144,0.15264492901763266,682.3608669250885,866.5983009948625,1255.5439951421629,85.68215404132674,3.31844817799538,0.2353509346096014,1.1474716883430824,0.0005783803613173422,1.0,calibrated_proxy,682.4;866.6;1255.5;1467.1;1787.8;2115.3;2374.6;2695.3;3009.2;3343.6
24,64.23103236729001,1.703617861972207,7.234675634141056,9.509506102056141,0.40525466519747566,1.0,-10.553959990645899,11.16773136917363,17.800865768559632,0.17715602634344463,775.8089453665827,985.2773606155602,1427.4884594745124,65.09214200982771,3.4232796507925727,0.24278579083635268,1.8267620993670697,0.00010145977189663898,1.0,calibrated_proxy,775.8;985.3;1427.5;1668.0;2032.6;2405.0;2699.8;3064.4;3421.3;3801.5
25,75.37774048382411,0.723485168291184,9.108655129633508,11.021206076906633,0.23190209374373447,1.0,-33.06288939795193,3.656943513625491,7.705593513248286,0.13901846062362158,635.8744211141722,807.5605148149987,1170.008934850077,104.17153114657155,2.949881359286155,0.2092114439210039,0.7663175147258621,0.002035212435442962,1.0,calibrated_proxy,635.9;807.6;1170.0;1367.1;1666.0;1971.2;2212.8;2511.7;2804.2;3115.8
26,64.6971826426061,1.188540195211409,7.365920329053427,6.051183578257724,0.30865159708320294,1.0,-8.539991323165653,6.478074969976806,11.831828976513687,0.15590335135830463,694.2701291910854,881.7230640726784,1277.4570377115972,82.20863047868887,3.6898649711991562,0.26169255114887635,1.2382078247575081,0.0004441316869079426,1.0,calibrated_proxy,694.3;881.7;1277.5;1492.7;1819.0;2152.2;2416.1;2742.4;3061.7;3401.9
27,65.45007411862024,1.6689271471829117,6.848028379812352,13.922405727169252,0.4019577175125756,1.0,-15.505167932552139,10.986760453418526,17.584079877578088,0.1764306978527666,772.9609656159521,981.6604263322591,1422.248176733352,65.55604051716281,3.252352826369135,0.2306633210190876,1.8067588974021107,0.00010608864271124908,1.0,calibrated_proxy,773.0;981.7;1422.2;1661.9;2025.2;2396.2;2689.9;3053.2;3408.8;3787.5
28,77.81438975025513,1.7224410602160214,5.755104707282999,13.401346438721387,0.9282201036682064,0.0,-72.53101326890771,58.58829413805948,61.70573733159876,0.29220842280700543,1205.9148807797471,1531.5118985902789,2218.8833806347347,30.89930662555657,2.6949488811053346,0.19113112631952728,4.954826178779529,9.94289640281136e-07,0.0,calibrated_proxy,1205.9;1531.5;2218.9;2592.7;3159.5;3738.3;4196.6;4763.4;5318.1;5909.0
29,66.80139362877082,1.3972884008927164,7.174603660614442,7.6282068398000344,0.381983781209431,1.0,-11.742302769585518,9.921989419279702,16.289827143125827,0.1720364318660748,755.7673464693229,959.8245300160401,1390.6119175035542,68.51721406488565,3.2159769982148707,0.22808347505070006,1.6854565310514875,0.00014007832044363156,1.0,calibrated_proxy,755.8;959.8;1390.6;1624.9;1980.1;2342.9;2630.1;2985.3;3332.9;3703.3
30,67.12296560299988,1.5025707108923259,6.8113277079096015,6.094953923288246,0.4522349410248218,1.0,-11.071976374173971,13.907118048093237,20.984337473514895,0.1874916870254608,816.5630013977221,1037.035011775107,1502.4759225718087,59.14027223826171,3.3174226572790895,0.23527820264390706,2.1112470916384853,5.563410916520723e-05,0.0,calibrated_proxy,816.6;1037.0;1502.5;1755.6;2139.4;2531.3;2841.6;3225.4;3601.0;4001.2
31,63.913182221778655,1.1392084486695433,6.718804498398382,8.089830004630144,0.29384727010621803,1.0,-9.764110303403132,5.871542834123612,10.990857606156743,0.15264639942336797,682.3661868767443,866.6050573334653,1255.5537838532096,85.6805190355108,3.3860451336671873,0.24014504494093528,1.1475126676548273,0.0005783098240468017,1.0,calibrated_proxy,682.4;866.6;1255.6;1467.1;1787.8;2115.3;2374.6;2695.3;3009.2;3343.6
32,72.86776586736129,0.7798774320712106,9.728193677136382,12.875329935645109,0.19842231371846472,1.0,-25.09908489750053,2.6772561915344406,6.098666077354132,0.13165290901806223,614.0087094418086,779.791060991097,1129.776025372928,118.02137689961842,2.898719136546859,0.20558291748559285,0.5590395980255243,0.004592530020788542,1.0,calibrated_proxy,614.0;779.8;1129.8;1320.1;1608.7;1903.4;2136.8;2425.3;2707.8;3008.6
33,68.31218325046285,0.9577922477814462,5.2218478458444455,7.096884182844456,0.36429584227734574,1.0,-15.569702742335869,9.024379327638131,15.171566069684756,0.16814508530101607,740.6548067631694,940.6316045892252,1362.8048444442318,71.37696024784366,3.183660834355915,0.22579154853588052,1.577862651492766,0.00018128231754197807,1.0,calibrated_proxy,740.7;940.6;1362.8;1592.4;1940.5;2296.0;2577.5;2925.6;3266.3;3629.2
34,79.05063299316207,0.834738052174795,5.924860537790181,14.456283193377265,0.4812304787621453,0.0,-93.11668415615604,15.747628610895763,23.034499443103673,0.19387070532767198,841.7608190124153,1069.0362401457674,1548.8399069828442,55.98917788690564,3.2256296714727517,0.22876806180657813,2.28634937936877,3.952222549724683e-05,0.0,calibrated_proxy,841.8;1069.0;1548.8;1809.8;2205.4;2609.5;2929.3;3325.0;3712.2;4124.6
35,76.86942624356429,0.6406532320560321,5.237009896838817,14.909120202236386,0.3415640766362784,0.0,-72.0999501615137,7.933289254490756,13.773914194729517,0.16314409685998124,721.4517491302691,916.2437213954419,1327.4712183996953,75.43049494232244,3.1421181924434465,0.22284526187542175,1.4393317336800546,0.0002570818813311616,0.0,calibrated_proxy,721.5;916.2;1327.5;1551.1;1890.2;2236.5;2510.7;2849.7;3181.6;3535.1
36,79.65811166092209,0.8177682679137956,6.032833386429843,11.942171909468673,0.507015265198797,0.0,-90.45382478034112,17.480384581833242,24.910396691592986,0.19954335834373532,864.1221722118651,1097.4351587090687,1589.9847968698318,53.46064455325922,3.1836204412355786,0.22578868377557296,2.441784167354983,2.9631423330836536e-05,0.0,calibrated_proxy,864.1;1097.4;1590.0;1857.9;2264.0;2678.8;3007.1;3413.3;3810.8;4234.2
37,73.519977565166,1.4239115892690708,5.894870139243654,11.069599687659377,0.5819908700624817,0.0,-33.8020506903032,23.032509352853744,30.635385408867155,0.21603799141374597,928.5504608308229,1179.259085255145,1708.532847928714,47.27132038905558,3.0711858908400878,0.21781460218724027,2.8924235347274183,1.37916099005805e-05,0.0,calibrated_proxy,928.6;1179.3;1708.5;1996.4;2432.8;2878.5;3231.4;3667.8;4094.9;4549.9
38,79.18041245261823,1.0861089426208208,4.158641451589292,11.567334614268017,0.8837595133755267,0.0,-104.91126417734033,53.11009966875885,57.325815756684854,0.28242709294261586,1172.3452420970746,1488.8784574632848,2157.115245458617,32.32992895514445,2.733260947620969,0.19384829415751553,4.691320888928872,1.3149604643494388e-06,0.0,calibrated_proxy,1172.3;1488.9;2157.1;2520.5;3071.5;3634.3;4079.8;4630.8;5170.0;5744.5
39,60.17154071296158,0.7016233475503084,9.286122566344657,12.760143253712663,0.11432078974855692,1.0,-7.859990040280258,0.8887085218738955,2.667085355132143,0.11315057374468251,576.6724628729578,732.3740278486564,1061.0773316862424,177.91314279565188,3.5018041289583,0.248354902763,0.03421252139500108,0.07028921548715941,1.0,calibrated_proxy,576.7;732.4;1061.1;1239.8;1510.9;1787.7;2006.8;2277.9;2543.1;2825.7
40,70.97389840039155,0.6241003740498894,6.703011475765935,10.947414115086321,0.20120943831751012,1.0,-22.93771130621275,2.752996188627258,6.227612960700704,0.13226607642985222,615.7132149510455,781.9557829878279,1132.912315509924,116.72678195086897,2.9027398111772276,0.205868071714697,0.5763306151749026,0.004272507454045163,1.0,calibrated_proxy,615.7;782.0;1132.9;1323.8;1613.2;1908.7;2142.7;2432.1;2715.3;3017.0
41,72.91310577515573,0.9770450436360778,5.9996917878802725,10.55896572279288,0.38366825196570997,1.0,-30.06913979946577,10.0096902745168,16.39769808235218,0.17240701543245618,757.2127185983408,961.6601526198928,1393.271402220947,68.25699820603323,3.2190507372796393,0.22830147072905244,1.695694285362468,0.0001367614280023739,1.0,calibrated_proxy,757.2;961.7;1393.3;1628.0;1983.9;2347.4;2635.1;2991.0;3339.3;3710.3
42,62.512375380365036,1.0501645322789543,6.783427081376601,9.954824244136677,0.24697270166429194,1.0,-9.80505549101851,4.147695044980436,8.468812537357806,0.14233399436614422,646.5769046198715,821.1526688672368,1189.7015045005635,98.96062954669786,3.287194381976625,0.23313435333167554,0.8593252775657969,0.001459854969229351,1.0,calibrated_proxy,646.6;821.2;1189.7;1390.1;1694.0;2004.4;2250.1;2554.0;2851.4;3168.2
43,63.49275625510065,1.7274546112910811,5.089592227243927,13.150718355943386,0.501032839667127,0.0,-15.628186187553325,17.070305636893536,24.470811914149603,0.19822722472676793,858.9403268163452,1090.8542150567584,1580.4502013420752,54.026383165582445,3.193209129888226,0.22646873261618625,2.405743439016983,3.163937845650981e-05,0.0,calibrated_proxy,858.9;1090.9;1580.5;1846.7;2250.4;2662.7;2989.1;3392.8;3787.9;4208.8
44,55.7397578193825,0.5896195827822948,4.256450265298264,12.240516250854093,0.1620314122687724,1.0,-9.655141455535501,1.7852841422032766,4.500366847490011,0.12364691069912992,594.1331371229002,754.5490841460833,1093.2049723061364,138.06877937474079,3.182152221077142,0.22568455468632212,0.3326691293517887,0.012914510349049248,1.0,calibrated_proxy,594.1;754.5;1093.2;1277.4;1556.6;1841.8;2067.6;2346.8;2620.1;2911.3
45,78.8300948691781,0.7684338684215513,9.688557461976323,7.139851065397183,0.3261280846770206,1.0,-44.91289053267457,7.23244787782693,12.85083627642862,0.15974817862894453,708.5959858270882,899.9169020004019,1303.8166139218422,78.46185440873732,3.1139971858712676,0.2208508642461892,1.3450885960644618,0.0003300819835887658,1.0,calibrated_proxy,708.6;899.9;1303.8;1523.5;1856.5;2196.6;2465.9;2799.0;3124.9;3472.1
46,72.74885840453516,0.5824622515840491,9.793601474707234,13.980186750790107,0.14425302143302862,1.0,-25.871104544617694,1.4150075250939314,3.7803888041839153,0.11973566471526628,586.3163097442434,744.6217133751892,1078.8220099294078,150.61345309804219,2.832597447845024,0.20089343601737758,0.2216704166541137,0.023022392316815004,1.0,calibrated_proxy,586.3;744.6;1078.8;1260.6;1536.1;1817.6;2040.4;2315.9;2585.7;2872.9
47,63.86628642127636,1.3684234006496863,9.565002582719739,7.078581130650239,0.27169661085293495,1.0,-7.578835053133125,5.019695287730039,9.77181918521837,0.14777325438764569,665.0442124115331,844.606149762647,1223.6813508372209,91.47269014520742,3.822245919086708,0.27108127085721334,1.0115293396084777,0.0008793813635261482,1.0,calibrated_proxy,665.0;844.6;1223.7;1429.8;1742.4;2061.6;2314.4;2626.9;2932.8;3258.7
48,78.6955623257047,1.1474760725790052,4.590645458666398,13.105352843575501,0.8070412183951661,0.0,-97.87948500346897,44.28945591683528,50.02564133562059,0.26554906804693656,1113.0053251981062,1413.5167630015949,2047.9297983645156,35.142496699233114,2.80517679562734,0.19894870890974042,4.235826059109092,2.2014249144523433e-06,0.0,calibrated_proxy,1113.0;1413.5;2047.9;2393.0;2916.1;3450.3;3873.3;4396.4;4908.4;5453.7
49,71.1286446226882,1.4915218944766948,4.922654629273503,8.93130294363051,0.6471711800834596,0.0,-24.969204425755247,28.480476470482007,35.9234339216663,0.23037765961836112,983.5021192328567,1249.047691425728,1809.6438993884562,42.962642643545706,2.9841538440516198,0.21164211659940566,3.2827905519364595,7.626738937727914e-06,0.0,calibrated_proxy,983.5;1249.0;1809.6;2114.5;2576.8;3048.9;3422.6;3884.8;4337.2;4819.2
50,70.0924808429312,0.5365539579034688,7.9344624999864575,13.553236426602734,0.1390336434897006,1.0,-21.477352840387102,1.3144640734974393,3.5770824180854444,0.11858740156773412,584.2981152276263,742.0586063390855,1075.1085320188324,154.74750181650447,2.8277181186296914,0.20054738429997812,0.1890337345683446,0.02758164416833247,1.0,calibrated_proxy,584.3;742.1;1075.1;1256.2;1530.9;1811.3;2033.4;2308.0;2576.8;2863.1
51,57.40248594913862,0.6112870488992777,5.988495625027534,11.742207443330738,0.13385673966768383,1.0,-8.137166448370671,1.2183986193034215,3.3791654399850533,0.11744848272689043,582.4298417430804,739.6858990137121,1071.670908807268,159.08135792304412,3.4623306178441613,0.24555536296767103,0.15664086856116932,0.03317413866977942,1.0,calibrated_proxy,582.4;739.7;1071.7;1252.2;1526.0;1805.5;2026.9;2300.6;2568.5;2853.9
52,67.65551980423268,0.8582573013831952,4.03173317617175,8.726516631352167,0.3773993321276617,0.0,-19.769993848813947,9.685257400547545,15.997450743634982,0.17102785306808557,751.8386474033776,954.8350822022896,1383.383111222215,69.23576678586468,3.2076073138830643,0.2274898804172386,1.6575859348692275,0.00014959495873471642,0.0,calibrated_proxy,751.8;954.8;1383.4;1616.5;1969.8;2330.7;2616.4;2969.8;3315.6;3684.0
53,63.063397511168105,0.9974923866060506,8.237069161648993,11.92054954072033,0.1970134809436235,1.0,-10.159999117258277,2.6393731937995977,6.033829130165651,0.13134296580759716,613.155995080681,778.7081137524649,1128.2070309484532,118.68694618205426,3.126335556333313,0.22172592598108604,0.5502968600924474,0.004764923641440687,1.0,calibrated_proxy,613.2;778.7;1128.2;1318.3;1606.5;1900.8;2133.8;2422.0;2704.0;3004.5
54,70.21058974037507,0.6260358234894752,6.627755782146219,10.435757825105256,0.198225674362061,1.0,-20.64931807143077,2.6719524223879816,6.089602525589036,0.13160964835965341,613.8893297527547,779.6394487859985,1129.5563667450688,118.11381823454222,2.8984373286459757,0.20556293110964366,0.5578194215568035,0.004616148537339758,1.0,calibrated_proxy,613.9;779.6;1129.6;1319.9;1608.4;1903.1;2136.3;2424.9;2707.3;3008.1
55,65.11403395970639,0.691634461874086,9.343172860002756,7.610827338340116,0.1437841575514544,1.0,-8.819911282392834,1.4058241094691395,3.7619727596271844,0.11963251466131997,586.1296287446025,744.3846285056452,1078.4785168900687,150.97565616060865,3.3326822622537198,0.2363604441314695,0.21873952847245715,0.02339406215140079,1.0,calibrated_proxy,586.1;744.4;1078.5;1260.2;1535.7;1817.0;2039.7;2315.2;2584.8;2872.0
56,73.04191143193162,1.5158097634017296,5.904018670407011,6.364721586090649,0.6658505711932671,0.0,-22.87557459135197,30.1482748547712,37.48989772963311,0.23448712566251875,999.0333729303322,1268.772383621522,1838.2214061918114,41.87099346716863,2.9608667352106637,0.209990548596501,3.3944503047026053,6.503319185227955e-06,0.0,calibrated_proxy,999.0;1268.8;1838.2;2147.9;2617.5;3097.0;3476.6;3946.2;4405.7;4895.3
57,75.89662319121432,1.175237392289949,9.645860920018382,10.687149011887128,0.373953180242715,1.0,-33.93921930755264,9.509186708927555,15.77883508920552,0.17026969965339728,748.8905454075051,951.0909926675315,1377.9586035498094,69.78610239009522,3.2013123183974614,0.2270434268366994,1.6366281207605486,0.00015725049847489388,1.0,calibrated_proxy,748.9;951.1;1378.0;1610.1;1962.1;2321.6;2606.1;2958.1;3302.6;3669.6
58,58.75960425532344,0.5119545069858183,8.869904124046133,8.758565699380231,0.09022570588512359,1.0,-5.856595199279,0.5535661041678801,1.870012559744692,0.10784965529472719,572.7453117299003,727.3865458969734,1053.8513735830165,208.4185918124821,3.897769276913602,0.276437537369759,-0.11716129353014704,0.20477376754079157,0.0,calibrated_proxy,572.7;727.4;1053.9;1231.4;1500.6;1775.5;1993.2;2262.3;2525.8;2806.5
59,79.99330232216002,1.4338696653045924,7.718172987987964,9.626901712806914,0.7777108152229265,0.0,-72.8011485467974,41.12871962380021,47.323439126604754,0.25909637934904384,1089.8373916950868,1384.0934874527602,2005.3008007189599,36.35363477177153,2.8348364404579205,0.2010522298197107,4.061392104397642,2.7141377345885806e-06,0.0,calibrated_proxy,1089.8;1384.1;2005.3;2343.2;2855.4;3378.5;3792.6;4304.9;4806.2;5340.2
60,75.9804360915613,0.9336640883522888,6.492239749258287,12.22420876392724,0.40395594661009754,0.0,-47.16788342559983,11.096267662512878,17.715364777987386,0.17687030825422145,774.6867967247922,983.8522318404861,1425.4237059736176,65.27407810796039,3.255981652603294,0.2309206845817939,1.8188831666940168,0.0001032542891506373,0.0,calibrated_proxy,774.7;983.9;1425.4;1665.6;2029.7;2401.5;2695.9;3060.0;3416.4;3796.0
61,70.34673816015552,0.5534290902639264,4.7434769063383495,6.333813113906972,0.2540612590599993,1.0,-18.957240031760147,4.3892043881503415,8.836021414765177,0.14389347699319985,651.7645905276511,827.7410299701169,1199.246846570878,96.68889059816678,2.9865119233477726,0.21180935626579947,0.9030107684728015,0.0012565979753863142,1.0,calibrated_proxy,651.8;827.7;1199.2;1401.3;1707.6;2020.5;2268.1;2574.5;2874.3;3193.6
62,66.57847634492522,0.9414100993232938,4.5218797966187125,14.67998607330962,0.329951530453678,1.0,-24.183138477253333,7.403024846513259,13.077487435814293,0.16058933669980915,711.7641889025703,903.9405199062643,1309.6461075807292,77.68807444315382,3.120950917283181,0.22134403668675043,1.3684458820592482,0.000309949279757971,1.0,calibrated_proxy,711.8;903.9;1309.6;1530.3;1864.8;2206.5;2476.9;2811.5;3138.9;3487.6
63,57.6017836783977,1.5461754871460855,6.0823520134854885,12.982417679742815,0.329254479502191,1.0,-8.760979069783728,7.371778834513592,13.036068357050553,0.16043598549048202,711.18576068043,903.2059160641461,1308.5817996519913,77.82798017605515,3.6844065152105063,0.26130542661067424,1.364188298138696,0.0003135097751200539,1.0,calibrated_proxy,711.2;903.2;1308.6;1529.0;1863.3;2204.7;2474.9;2809.2;3136.3;3484.8
64,57.01091439967657,1.3896410202744258,7.138302162207103,8.849559231168797,0.27864697424495577,1.0,-5.880755398897591,5.2798012653990956,10.149171424747236,0.14930233433389026,670.4090820201121,851.4195341655424,1233.5527109170064,89.57104485447205,4.211694364099906,0.298701727950348,1.0542352754614916,0.0007684660964619961,1.0,calibrated_proxy,670.4;851.4;1233.6;1441.4;1756.5;2078.3;2333.0;2648.1;2956.5;3285.0
65,73.88294286148827,1.1621780200804375,8.883534583142616,8.023116011361168,0.3670254087563173,1.0,-23.2356116181795,9.160120245746441,15.342399504386467,0.1687455899263898,742.9784774122428,943.5826663135483,1367.0803984385268,70.91987011038368,3.188651003834973,0.2261454612648917,1.5944773970061146,0.0001740776584246644,1.0,calibrated_proxy,743.0;943.6;1367.1;1597.4;1946.6;2303.2;2585.6;2934.8;3276.5;3640.6
66,77.27968170883251,0.846931723567736,6.602954852668343,12.490487860328106,0.39533764360743745,0.0,-57.68306490297939,10.627845966809524,17.151469870904762,0.17497428159363623,767.2501088545255,974.4076382452474,1411.740200292327,66.50817002769708,3.240315895481676,0.22980963797742385,1.766577398286164,0.0001161533704433043,0.0,calibrated_proxy,767.3;974.4;1411.7;1649.6;2010.2;2378.5;2670.0;3030.6;3383.6;3759.5
67,58.32326407419664,1.1073986443510766,5.613765430627576,11.887058088744947,0.2605251930089152,1.0,-9.161213279032273,4.6153895810786105,9.175371982865958,0.14531554246196132,656.5730098211185,833.8477224728205,1208.0943380708582,94.70801561804768,3.4528649907876434,0.24488404189983287,0.9428133806758456,0.001099658173949687,1.0,calibrated_proxy,656.6;833.8;1208.1;1411.6;1720.2;2035.4;2284.9;2593.5;2895.5;3217.2
68,55.853076959059905,1.4151934655243472,4.231475660664623,6.427781720377227,0.4467487659392072,1.0,-6.163839460082848,13.57174327103791,20.603648540240183,0.18628472850662559,811.7945844092258,1030.9791221997168,1493.7020353129756,59.77758118801523,4.499616173045058,0.31912171440035875,2.078077037297221,5.949106128275474e-05,1.0,calibrated_proxy,811.8;1031.0;1493.7;1745.4;2126.9;2516.6;2825.0;3206.6;3580.0;3977.8
69,69.66060158207,0.605541082696458,6.310943683266456,12.363379656818275,0.18864784102039875,1.0,-22.48183777524049,2.4199845386727197,5.653623059374885,0.12950252502448772,608.2200804726384,772.4395022002508,1119.1249480696547,122.80191847425085,2.8850227958434798,0.2046115458045021,0.4983479271830853,0.005959374166549066,1.0,calibrated_proxy,608.2;772.4;1119.1;1307.7;1593.5;1885.5;2116.6;2402.5;2682.3;2980.3
70,69.9867738953776,1.6045212981458827,8.086187401832856,10.525493671938335,0.427053139189904,1.0,-17.980045759581447,12.401458091052703,19.25626121902146,0.18195169062177888,794.6888207259894,1009.2548023220066,1462.2274301358207,62.18556060737264,3.2977476816876488,0.23388281430408858,1.9588862463062715,7.617824069300669e-05,1.0,calibrated_proxy,794.7;1009.3;1462.2;1708.6;2082.1;2463.5;2765.5;3139.0;3504.6;3894.0
71,57.56031071573387,1.0987114706457541,4.302063072978306,7.158306500442816,0.34779103278165585,1.0,-7.3558138825177934,8.225184968866495,14.152288103951163,0.1645140272119643,726.6831437786269,922.8875925988561,1337.0969845526736,74.27412918683171,4.046600651735628,0.2869929540238034,1.4773094213889744,0.00023312316040505465,1.0,calibrated_proxy,726.7;922.9;1337.1;1562.4;1903.9;2252.7;2528.9;2870.4;3204.7;3560.7
72,65.74125715692736,1.75098933403404,7.969839577317401,6.228876574734935,0.43921538538849075,1.0,-9.14514693359029,13.117890523813312,20.084702712288717,0.18462738478546797,805.2486470270626,1022.6657817243695,1481.6575105297952,60.67584799206354,3.8027990820968545,0.26970206256006063,2.032508091589711,6.531045118041129e-05,1.0,calibrated_proxy,805.2;1022.7;1481.7;1731.3;2109.8;2496.3;2802.3;3180.7;3551.1;3945.7
73,57.93741840434072,1.7115874161937672,5.685252558611071,10.33722257733912,0.4061639078369875,1.0,-8.016827637575402,11.217900162000076,17.86080726700455,0.17735605972413726,776.5947836704524,986.2753752614747,1428.9344019536325,64.96538085155156,4.026541926497829,0.28557034939700915,1.832277708345114,0.00010022518382033932,1.0,calibrated_proxy,776.6;986.3;1428.9;1669.7;2034.7;2407.4;2702.5;3067.5;3424.8;3805.3
74,77.64258820863735,1.2472445812526276,7.907585344402068,6.869307334325481,0.5728077166200405,0.0,-39.36185318936946,22.311390254923595,29.91316597489838,0.2140176976564089,920.721243571165,1169.3159793353796,1694.1270881709438,47.95005250517765,3.084215937769456,0.21873871899074154,2.8373263507924555,1.5067417569159219e-05,0.0,calibrated_proxy,920.7;1169.3;1694.1;1979.6;2412.3;2854.2;3204.1;3636.8;4060.4;4511.5
75,55.965193102558,1.2518951067701496,5.004653678063065,7.23384346927656,0.33856369394014246,1.0,-6.015955904093155,7.794525490098823,13.592823178465244,0.16248401266683132,718.9398484609051,913.0536075453495,1322.8493211680654,76.00088467250474,4.330631052018928,0.3071369540438956,1.4210244498188942,0.000269652361628568,1.0,calibrated_proxy,718.9;913.1;1322.8;1545.7;1883.6;2228.7;2501.9;2839.8;3170.5;3522.8
76,66.28674906317524,0.5592403192831933,7.628024788472266,13.211099995342302,0.12848613213684357,1.0,-14.987468352332872,1.122590658301077,3.1778505869997025,0.11626694907010558,580.6379684882019,737.4102199800163,1068.3738620182914,163.84487806203822,2.818847541871993,0.19991826538099242,0.1230134391526736,0.04041976763464782,1.0,calibrated_proxy,580.6;737.4;1068.4;1248.4;1521.3;1800.0;2020.6;2293.5;2560.6;2845.1
77,60.94538968820763,1.014359553553485,7.2881801687872,6.688581943139845,0.23332436628993652,1.0,-6.64149610740099,3.7019376735128318,7.7765905485211535,0.13933136058378603,636.864131831318,808.8174474257738,1171.830002569625,103.65597344912261,3.94163907582219,0.27954887062568723,0.7751027160080899,0.0019707572522678213,1.0,calibrated_proxy,636.9;808.8;1171.8;1369.3;1668.6;1974.3;2216.3;2515.6;2808.6;3120.6
78,70.52478395629514,1.5841839662998778,6.432067119244705,6.631808628908697,0.5672081052777066,0.0,-16.741568598868074,21.87730235910536,29.475605344522513,0.21278578316109545,915.9376506188661,1163.24081628596,1685.3252771387138,48.37373573625597,3.092259291267188,0.2193091695934176,2.803716979875353,1.591315337982713e-05,0.0,calibrated_proxy,915.9;1163.2;1685.3;1969.3;2399.8;2839.4;3187.5;3618.0;4039.3;4488.1
79,77.32366623629976,1.738298707949228,9.947140260056338,6.9613810150748705,0.6416184138139769,0.0,-33.944811293280246,27.99384484827113,35.46208934492269,0.2291560510390749,978.8658087865011,1243.1595771588566,1801.1130881671622,43.29839253148523,2.9912125846829847,0.21214273650233934,3.24958039414976,8.00342880907642e-06,0.0,calibrated_proxy,978.9;1243.2;1801.1;2104.6;2564.6;3034.5;3406.5;3866.5;4316.8;4796.4
80,55.47460142802434,1.4950999680086356,5.5321401727896236,10.790517538733168,0.33948867652024267,1.0,-7.115619185899759,7.837174181011686,13.648566198157353,0.16268750883445338,719.7136055053646,914.0362789918131,1324.273034129871,75.82410470418202,4.0819712242524355,0.28950150526613017,1.4266689427834631,0.00026570159441040346,1.0,calibrated_proxy,719.7;914.0;1324.3;1547.4;1885.6;2231.1;2504.6;2842.9;3173.9;3526.6
81,64.88165687634239,1.6079492666780084,8.203319897682785,6.125320431663473,0.3838428256761213,1.0,-8.30165340547456,10.01880140796599,16.408891082765873,0.17244542164874668,757.3625673303367,961.8504605095276,1393.5471238878195,68.23014531837954,3.909683153839066,0.27728249318007564,1.6967552119581208,0.00013642297605457755,1.0,calibrated_proxy,757.4;961.9;1393.5;1628.3;1984.3;2347.8;2635.6;2991.6;3340.0;3711.1
82,61.710527807985414,1.3018502909959817,7.330584061628394,12.94015960302964,0.2666349101431477,1.0,-10.372781980773627,4.834403920879023,9.50002189691123,0.1466596802314925,661.1817817489349,839.7008628211473,1216.5744784180404,92.9102415788607,3.1999143026852837,0.22694427678619034,0.9804060012460929,0.0009720713746426734,1.0,calibrated_proxy,661.2;839.7;1216.6;1421.5;1732.3;2049.7;2300.9;2611.7;2915.8;3239.8
83,68.40665588569551,1.2904918776611995,7.8667769000154255,7.790927644642288,0.3470906784648966,1.0,-13.182726275516272,8.192091857251112,14.109561479424984,0.16435994926227726,726.0935811933284,922.1388481155271,1336.0121893957244,74.40238041906414,3.152210204716544,0.22356100742670523,1.4730391549791548,0.00023568281332436264,1.0,calibrated_proxy,726.1;922.1;1336.0;1561.1;1902.4;2250.9;2526.8;2868.1;3202.1;3557.9
84,67.45944336637564,1.1679570555658008,7.5133615021637565,9.125342631463875,0.30483295326657023,1.0,-13.438949258902852,6.318772799010891,11.612934089452514,0.15506324971864544,691.1775636471475,877.7955058318773,1271.7667171107514,83.07643424888704,3.075485529140976,0.21811954107382808,1.2148278469530607,0.00047487998487225297,1.0,calibrated_proxy,691.2;877.8;1271.8;1486.0;1810.9;2142.7;2405.3;2730.2;3048.1;3386.8
85,62.21461732441927,1.6524996093777493,4.575966628360286,6.160136662794142,0.5809849137463632,0.0,-9.082450563337874,22.9529559600591,30.555991022569284,0.2158166810241999,927.693790800362,1178.1711143164598,1706.956575072666,47.3447173133687,3.55696869677817,0.2522672834594447,2.886389241319729,1.3925022559820405e-05,0.0,calibrated_proxy,927.7;1178.2;1707.0;1994.5;2430.6;2875.9;3228.4;3664.4;4091.1;4545.7
86,68.18246641904562,1.1517851208043703,4.628622179757542,14.669540054975036,0.4223258076411757,0.0,-27.541498252095597,12.128417970384453,18.937407417027035,0.18091167768105865,790.5883684081308,1004.0472278783261,1454.6825978709608,62.79323227191868,3.2892287840846386,0.2332786371691233,1.9302520883653465,8.096598307784399e-05,0.0,calibrated_proxy,790.6;1004.0;1454.7;1699.8;2071.3;2450.8;2751.2;3122.8;3486.5;3873.9
87,67.83103346739242,1.3185859852118273,7.027695125981863,9.644667110563713,0.3647825537844563,1.0,-14.949210128714434,9.048509185094662,15.201980807204503,0.16825216183258038,741.068894601885,941.1574961443939,1363.5667660674683,71.29501661397892,3.1845506760281097,0.22585465787433404,1.5808255434773661,0.00017997237185305164,1.0,calibrated_proxy,741.1;941.2;1363.6;1593.3;1941.6;2297.3;2578.9;2927.2;3268.1;3631.2
88,71.21438719329711,1.3265878882187918,7.058147207981123,12.45698918021103,0.40517654102744155,1.0,-24.755456138214456,11.163425999129418,17.795718594603418,0.17713883902603714,775.7414325019413,985.1916192774654,1427.364235803572,65.10305712899572,3.258197197553817,0.23107781542934872,1.8262881670122026,0.00010156668064796869,1.0,calibrated_proxy,775.7;985.2;1427.4;1667.8;2032.4;2404.8;2699.6;3064.2;3421.0;3801.1
89,64.59209704724874,0.6391102082321896,5.454872044623277,6.762348800751041,0.2064104148637261,1.0,-10.514781921967026,2.897157636766656,6.470629015049772,0.13341029127001974,618.9546019094923,786.0723444250552,1138.876467513466,114.38664142470276,3.0659891232061995,0.21744603710682267,0.6085794434407064,0.0037424479018194207,1.0,calibrated_proxy,619.0;786.1;1138.9;1330.8;1621.7;1918.8;2154.0;2444.9;2729.6;3032.9
90,64.41655317227352,0.8928124545121138,6.926389618777918,6.664829443419428,0.23716137920601266,1.0,-9.016983401650984,3.824695345509073,7.969205787775168,0.14017550342532278,639.555982064298,812.2360972216584,1176.7830069983083,102.29067647955262,3.4388577145571984,0.24389061805370202,0.7987954164794351,0.0018084586329047982,1.0,calibrated_proxy,639.6;812.2;1176.8;1375.0;1675.6;1982.6;2225.7;2526.2;2820.4;3133.8
91,57.728472008233794,1.3750796125505815,4.551539707492793,11.198114160806956,0.38171353952530573,1.0,-9.804700816568765,9.907955385471725,16.272543379353696,0.17197697869556727,755.5355535604745,959.5301530218026,1390.185418551273,68.55914914290386,3.553471872269135,0.2520192817212153,1.6838139373123289,0.00014061920052820076,1.0,calibrated_proxy,755.5;959.5;1390.2;1624.4;1979.5;2342.2;2629.3;2984.4;3331.9;3702.1
92,71.5153613395192,1.0558643833536197,7.385671375278194,10.040673376190915,0.3281837413777182,1.0,-21.77478186177092,7.323910631118038,12.972529990663714,0.160200423103098,710.2979569133515,902.0784052799564,1306.948240720567,78.04389258980244,3.117734685538473,0.22111593514457256,1.3576476504971544,0.00031907303792819293,1.0,calibrated_proxy,710.3;902.1;1306.9;1527.1;1861.0;2201.9;2471.8;2805.7;3132.4;3480.5
93,60.61154900636654,0.5688225050077794,6.97931194041635,11.535064105532308,0.12017467669039525,1.0,-9.13255827604211,0.9820527983995898,2.8745411781469503,0.11443842887188695,578.1729198598653,734.2796082220289,1063.838172542152,171.81358085455938,3.246025737336728,0.23021459130047717,0.07092814831533278,0.05558959913053671,1.0,calibrated_proxy,578.2;734.3;1063.8;1243.1;1514.8;1792.3;2012.0;2283.8;2549.7;2833.0
94,69.30211480163365,1.6924917821986867,7.018977711373504,8.603298483796019,0.5091467365353964,1.0,-16.18385434898355,17.627667154075816,25.067645094980904,0.2000122820377872,865.9673096618302,1099.7784832705245,1593.3798497777677,53.26197920159039,3.180226924148254,0.22554800880484072,2.454621903996121,2.8952362706293246e-05,0.0,calibrated_proxy,866.0;1099.8;1593.4;1861.8;2268.8;2684.5;3013.6;3420.6;3818.9;4243.2
95,55.205539540916426,0.5879271370349993,4.270495171654501,12.41782095588525,0.15876361142056528,1.0,-9.404390354994177,1.7140001331684165,4.364912525517854,0.12292799451252436,592.5926936784473,752.5927209716281,1090.3705563683432,140.21327227405695,3.229956521763802,0.22907493062154624,0.3122866117863561,0.014304319785898505,1.0,calibrated_proxy,592.6;752.6;1090.4;1274.1;1552.6;1837.0;2062.2;2340.7;2613.3;2903.7
96,58.21746414709359,1.5947536186874824,8.773236377428153,11.656712051910617,0.2636404322160324,1.0,-6.6761555802853305,4.726426869935834,9.34043522877581,0.14600089508752712,658.9154431612002,836.8226128147243,1212.4044154166083,93.78258737801863,4.001728429020765,0.2838105268809053,0.9619846833435426,0.0010322991872140927,1.0,calibrated_proxy,658.9;836.8;1212.4;1416.7;1726.4;2042.6;2293.0;2602.7;2905.8;3228.7
97,61.80533819326272,1.3150600533369734,9.463922878173499,13.61179758126487,0.21796874517068368,1.0,-9.158406933204414,3.230705423247206,7.021670191276961,0.1359531239375504,626.4246491290041,795.5593043938353,1152.6213543973677,109.51295662397051,3.3732571224139094,0.23923809378822053,0.6801664905440563,0.0028169499799631332,1.0,calibrated_proxy,626.4;795.6;1152.6;1346.8;1641.2;1941.9;2180.0;2474.4;2762.5;3069.5
98,65.85911438161109,0.5498718729296516,7.674684275257136,8.242906726638143,0.1355408096303743,1.0,-10.838060879305285,1.2492491531175007,3.443136212442008,0.11781897811868233,583.0226793045222,740.4388027167431,1072.761729920321,157.6448178098034,2.909253873981113,0.2063300619844761,0.16718077102917395,0.031221392591560208,1.0,calibrated_proxy,583.0;740.4;1072.8;1253.5;1527.5;1807.4;2028.9;2302.9;2571.1;2856.8
99,65.06807145267996,1.0597978838868494,8.963980702838176,13.789293822288275,0.2029310376596424,1.0,-12.477689882238701,2.800308411102106,6.3077112583350665,0.1326448282851213,616.7775348215562,783.3074692233763,1134.8706640716634,115.94144724279866,2.9052475612442015,0.206045926329376,0.5870079628614313,0.00408786638490628,1.0,calibrated_proxy,616.8;783.3;1134.9;1326.1;1616.0;1912.0;2146.4;2436.3;2720.0;3022.2
100,68.8393630456832,1.2763567931158772,7.196232553120193,14.828495901454339,0.33327892705370465,1.0,-21.4208653345281,7.553089338828664,13.275805235825127,0.161321363951815,714.5303074225351,907.4534904266196,1314.7357656574645,77.02723458755361,3.1270094890884215,0.2217737226303845,1.388765492948536,0.00029359374944563265,1.0,calibrated_proxy,714.5;907.5;1314.7;1536.2;1872.1;2215.0;2486.6;2822.4;3151.1;3501.2
101,59.831799109695204,0.5272551347204586,7.082163889472311,10.743473597633518,0.10938742826559678,1.0,-8.152794340025695,0.8136614434541535,2.496319727464685,0.11206523421843129,575.5663738198374,730.9692947511935,1059.042127828501,183.40372329637594,3.4386799616935804,0.24387801146762983,0.0032511701120727654,0.08626123841284493,1.0,calibrated_proxy,575.6;731.0;1059.0;1237.5;1508.0;1784.3;2003.0;2273.5;2538.2;2820.3
102,60.55045262370222,1.6560769602052772,8.933252438285425,14.09748012050477,0.2754625934384075,1.0,-8.821773916457621,5.15981554609931,9.975692158541799,0.14860177055644963,667.9425856169141,848.2870837334809,1229.0143575351221,90.43220218641515,3.557268450603189,0.2522885425959709,1.034673441001758,0.0008171111341795001,1.0,calibrated_proxy,667.9;848.3;1229.0;1436.1;1750.0;2070.6;2324.4;2638.4;2945.6;3272.9
103,61.687500494223464,0.7036082961332338,5.404018387577927,13.721925546700401,0.18220326281513402,1.0,-13.383509415560493,2.257465970672694,5.3664033931254345,0.12808471781932948,604.5737729095251,767.8086915950969,1112.4157421535263,126.17536364707405,2.87636187300514,0.20399729595781135,0.4582878517764184,0.007122315603219935,1.0,calibrated_proxy,604.6;767.8;1112.4;1299.8;1584.0;1874.2;2103.9;2388.1;2666.2;2962.4
104,60.28511316268222,0.8841464346995123,7.592467909974763,12.10714794324027,0.17142439535235024,1.0,-8.706586887201489,1.9982699858904838,4.897314898844966,0.12571336697751706,598.8023118604073,760.4789360627173,1101.7962538231493,132.25931667279343,3.3921103884612487,0.2405752048554077,0.39120634091291917,0.0097168836829149,1.0,calibrated_proxy,598.8;760.5;1101.8;1287.4;1568.9;1856.3;2083.8;2365.3;2640.7;2934.1
105,72.00434750620127,1.2294728840529006,8.287664481636863,7.579218201957842,0.3750805574616291,1.0,-18.589736113939068,9.566608871829398,15.850242823815034,0.1705177226415584,749.8544870379208,952.3151985381594,1379.7322561497742,69.6050862729764,3.2033719557294655,0.22718950040634509,1.6434849786464025,0.00015469650452675283,1.0,calibrated_proxy,749.9;952.3;1379.7;1612.2;1964.6;2324.5;2609.5;2961.9;3306.9;3674.3
106,63.61814984095965,0.9293197448509547,4.191809008132673,10.607957866944012,0.32985030136150795,1.0,-15.546518312613918,7.398483048962878,13.07146963994202,0.16056706629953174,711.6801640488142,903.833808341994,1309.4915018498182,77.70836038894424,3.120766695325732,0.2213309712996973,1.3678275938270619,0.00031046339355028673,1.0,calibrated_proxy,711.7;903.8;1309.5;1530.1;1864.6;2206.2;2476.6;2811.1;3138.5;3487.2
107,57.82367448711044,1.4765182670107353,8.84798612582138,10.414086593450275,0.2460116421964615,1.0,-6.0392727292867905,4.115477510541585,8.419427872788232,0.14212256128322154,645.8807815053165,820.2685925117519,1188.4206379697823,99.27703359450035,4.099655333213059,0.2907556973909971,0.8533994554224176,0.0014902839210869882,1.0,calibrated_proxy,645.9;820.3;1188.4;1388.6;1692.2;2002.2;2247.7;2551.2;2848.3;3164.8
108,79.72493875758322,0.6652758853687537,8.428395025663256,10.316032060795436,0.32307335543756344,1.0,-68.28102157727406,7.097594723570662,12.670705711723688,0.15907613819626396,706.0730194084234,896.7127346486977,1299.1743557114992,79.09145136675178,3.1084485260793544,0.22045734227513153,1.3264208308276073,0.00034727649686862826,1.0,calibrated_proxy,706.1;896.7;1299.2;1518.1;1849.9;2188.8;2457.1;2789.0;3113.8;3459.8
109,63.15712326517428,0.7830796085446379,9.76228477808706,6.464709896876003,0.15211988907307947,1.0,-6.8024081577100155,1.5735513243092083,4.093813848679176,0.12146637559607748,589.6017120092714,748.7941742517747,1084.8671500970595,144.7884644154258,3.7593214402690895,0.266618541863056,0.2708194726899569,0.017704943574277508,1.0,calibrated_proxy,589.6;748.8;1084.9;1267.6;1544.8;1827.8;2051.8;2328.9;2600.1;2889.0
110,65.64162624257033,1.3604765380046508,9.32146823917525,9.340492253561074,0.27765737055348305,1.0,-10.244807824616931,5.242365848741845,10.095152886579651,0.14908462152176627,669.641062350562,850.4441491852137,1232.1395547250343,89.83686908861,3.2484940999198852,0.2303896524765876,1.0481568632864176,0.0007832100992597747,1.0,calibrated_proxy,669.6;850.4;1232.1;1439.7;1754.5;2075.9;2330.4;2645.1;2953.1;3281.2
111,56.20492541199276,0.6559724490944621,7.815439937877198,13.288593530078632,0.11029100162054833,1.0,-6.799349298025134,0.8271591426155381,2.5273140515248254,0.11226402035652062,575.7578635304275,731.2124866836429,1059.3944688959866,182.37265078252426,3.7155492967985584,0.26351413452472044,0.008923208663651705,0.08304448169322101,1.0,calibrated_proxy,575.8;731.2;1059.4;1237.9;1508.5;1784.8;2003.6;2274.2;2539.1;2821.2
112,79.23736141384596,0.7895079068802909,8.183639833303097,14.606921544015261,0.35329533739049246,0.0,-77.95982460046393,8.48759648868661,14.489585088325665,0.16572497422590832,731.3265587022295,928.7847295518314,1345.6408680121024,73.28163876257561,3.1635488471191957,0.2243651664623543,1.5108608801195018,0.00021410331338410252,0.0,calibrated_proxy,731.3;928.8;1345.6;1572.4;1916.1;2267.1;2545.0;2888.7;3225.2;3583.5
113,70.65237529487176,0.9878361199042129,7.995069013260101,13.416568999995846,0.2616166711740655,1.0,-22.536464971066117,4.65414321926154,9.233093080712779,0.14555566765829442,657.3919151799803,834.887732278575,1209.6011239311638,94.38166439255849,2.9993769610776035,0.21272177028919176,0.9495312059204102,0.0010754868955281235,1.0,calibrated_proxy,657.4;834.9;1209.6;1413.4;1722.4;2037.9;2287.7;2596.7;2899.1;3221.2
114,69.81016719029037,1.79949328063994,7.346194646195571,8.465179222798184,0.535026466654013,0.0,-16.47472097071377,19.46522576137888,27.002998359880397,0.20570582266388285,888.3165274797411,1128.1619898992712,1634.5024105627238,50.96437507587633,3.139966304981973,0.22269264574340233,2.6103650780777503,2.2005244239311295e-05,0.0,calibrated_proxy,888.3;1128.2;1634.5;1909.9;2327.4;2753.8;3091.3;3508.9;3917.5;4352.8
115,55.08334585537886,1.4452954671483926,9.977234059709366,10.985795323207245,0.20426740228819554,1.0,-4.808110595245412,2.8373116713545907,6.370121114522948,0.13293882850340302,617.6096198962339,784.3642172682171,1136.4017006090703,115.3392147113885,4.269235956994326,0.3027826919854132,0.5952943711331857,0.003950958371007562,1.0,calibrated_proxy,617.6;784.4;1136.4;1327.9;1618.1;1914.6;2149.3;2439.6;2723.7;3026.3
116,74.10519618664651,0.6569629325937586,8.120134346349364,11.126665045963067,0.21346674669100613,1.0,-29.902462517414314,3.098627532113268,6.805255539501754,0.13496268427202135,623.4729526566172,791.8106498739038,1147.1902328881756,111.3601700216275,2.9209739293805446,0.20716127158727268,0.6522963278905283,0.003141417846368384,1.0,calibrated_proxy,623.5;791.8;1147.2;1340.5;1633.5;1932.8;2169.7;2462.7;2749.5;3055.0
117,72.2924841869018,1.3817232878154353,6.936480104681643,14.408454024646488,0.44065391251323444,0.0,-31.198870330865827,13.203959201699046,20.183456199562748,0.18494386075291158,806.4983920493052,1024.2529579026175,1483.9570413707215,60.502203022727954,3.2953921737101264,0.2337157570007182,2.0412115725914886,6.414937904573303e-05,0.0,calibrated_proxy,806.5;1024.3;1484.0;1734.0;2113.0;2500.1;2806.6;3185.7;3556.7;3951.8
118,64.10991131415798,1.7537298496180356,6.586899132991156,14.227877857318958,0.41451950871546506,1.0,-14.437080915971222,11.684196771188315,18.41478076919289,0.17919429191740233,783.8239016899577,995.4563551462462,1442.235979109522,63.82361670587441,3.275126832877869,0.23227849878566448,1.882945365630845,8.966789295023557e-05,1.0,calibrated_proxy,783.8;995.5;1442.2;1685.2;2053.6;2429.9;2727.7;3096.1;3456.7;3840.7
119,74.88435749515978,1.1845951950581326,4.331970881806768,14.778118069477177,0.6482651125265626,0.0,-62.137914687910744,28.57684061609723,36.01455605348255,0.23061832475584376,984.4144661376123,1250.2063719947676,1811.3226176932067,42.89712019005163,2.9827706793756246,0.21154401981387408,3.2893322252124486,7.554995187318632e-06,0.0,calibrated_proxy,984.4;1250.2;1811.3;2116.5;2579.2;3051.7;3425.8;3888.4;4341.3;4823.6
120,61.29026531439276,1.7685678170265766,4.355709538878348,12.375911655717442,0.5502556009972682,0.0,-14.132797461050476,20.58912339716281,28.164094870767833,0.209056232219399,901.4137074823786,1144.7954085026208,1658.6012217675768,49.70412481373084,3.1170716118430115,0.22106890864134834,2.701906042799283,1.8833782839562503e-05,0.0,calibrated_proxy,901.4;1144.8;1658.6;1938.0;2361.7;2794.4;3136.9;3560.6;3975.2;4416.9
121,76.99795706805867,1.0902662067343605,9.601999983952958,10.2201063959798,0.379285828212677,1.0,-39.24378372626295,9.782326284842389,16.11754956801376,0.17144288220678894,753.4543905778897,956.88707603392,1386.3560786633172,68.93823129132028,3.211052127586297,0.22773419344583667,1.669056002067269,0.00014558973870301925,1.0,calibrated_proxy,753.5;956.9;1386.4;1619.9;1974.1;2335.7;2622.0;2976.1;3322.7;3691.9
122,63.28020258802736,1.2562514569629124,7.607717096373782,14.884548179242547,0.2549461794947122,1.0,-12.590793028741002,4.419833701848601,8.882226692578824,0.1440881594888367,652.4185992131224,828.5716210006655,1200.4502225521453,96.4127303134649,2.988009945048197,0.21191559893958845,0.9084616668542032,0.0012336302165583649,1.0,calibrated_proxy,652.4;828.6;1200.5;1402.7;1709.3;2022.5;2270.4;2577.1;2877.2;3196.9
123,69.57794775407713,1.7741863823073745,9.17797169871201,10.782522127220052,0.41640138980425373,1.0,-16.25597918257284,11.790527985302157,18.540325149745357,0.17960830575693582,785.453778802037,997.526299078587,1445.2349529957482,63.57208088565811,3.2785302007499015,0.23251987239361005,1.894352323167551,8.747364173086928e-05,1.0,calibrated_proxy,785.5;997.5;1445.2;1688.7;2057.9;2434.9;2733.4;3102.5;3463.9;3848.7
124,58.964248327599556,1.1237908275161121,6.371233346412225,12.80381367169035,0.2392753884755233,1.0,-9.23997259095767,3.8931843840476557,8.075996754443485,0.1406405854646151,641.0523341662903,814.1364643911886,1179.5362948659742,101.55399925574903,3.3948444905042705,0.2407691128017213,0.811843958371572,0.0017257511211219182,1.0,calibrated_proxy,641.1;814.1;1179.5;1378.3;1679.6;1987.3;2230.9;2532.2;2827.0;3141.2
125,69.47789963545782,0.9997356139574769,9.819790178713394,11.107424832589935,0.2198875426589141,1.0,-15.75646053812495,3.287836136327152,7.114592489193627,0.1363752593849611,627.698347061242,797.1769007677773,1154.9649585926852,108.74447643566532,2.9308552128715473,0.20786207183486152,0.6920399640606745,0.0026906973980334596,1.0,calibrated_proxy,627.7;797.2;1155.0;1349.6;1644.6;1945.9;2184.4;2479.4;2768.1;3075.7
126,74.71345522084131,0.8746136112851852,5.821432744468871,12.836036364254603,0.3780023293559759,0.0,-43.985924712072936,9.71623174790097,16.035806418117016,0.1711605124583147,752.3549594904014,955.4907985528098,1384.3331254623386,69.1403786983048,3.2087085090669643,0.22756797936645137,1.6612524181113772,0.00014830083065539185,0.0,calibrated_proxy,752.4;955.5;1384.3;1617.6;1971.2;2332.3;2618.2;2971.8;3317.9;3686.5
127,75.65360680359476,1.3072795463798257,5.659453808705885,12.527316525934676,0.6171497556302463,0.0,-50.215996042469136,25.899419819464146,33.45298938904864,0.22377294623865418,958.3327876910352,1217.0826403676147,1763.3323293515048,44.8437149612902,3.023087275998206,0.21440335290767418,3.103139094493658,9.945622771765937e-06,0.0,calibrated_proxy,958.3;1217.1;1763.3;2060.4;2510.8;2970.8;3335.0;3785.4;4226.2;4695.8
128,78.35142228701903,1.2855407582563756,5.797097650711815,14.042459818824337,0.7139072194938931,0.0,-81.72468981284992,34.657119227094114,41.620927261185116,0.24505958828865648,1038.51444298014,1318.9133425847779,1910.8665750834577,39.30512118231467,2.904039963074807,0.20596028106913525,3.681323819013965,4.3975578226084565e-06,0.0,calibrated_proxy,1038.5;1318.9;1910.9;2232.8;2720.9;3219.4;3614.0;4102.1;4579.8;5088.7
129,56.38575721441226,0.6843666127805411,7.8183062855913255,9.86165106377354,0.12312433362291375,1.0,-5.690461040903936,1.0308529040458867,2.981020277859419,0.11508735339704101,579.0037506831217,735.3347633675645,1065.366901256944,168.89740393051682,3.9530177713296335,0.2803558703070662,0.08941875788509024,0.04955214630284337,1.0,calibrated_proxy,579.0;735.3;1065.4;1244.9;1517.0;1794.9;2014.9;2287.1;2553.4;2837.1
130,78.94627993655935,1.714283656566537,4.771684612529311,6.8138267783349376,1.3329607570172561,0.0,-64.32838447090003,68.0,69.0,0.3812513665437963,1131.501891934328,1437.0074027565965,2081.9634811591636,21.794342207759215,2.7821543261887762,0.19731590965877846,7.44255808438634,8.688359054709589e-08,0.0,calibrated_proxy,1131.5;1437.0;2082.0;2432.7;2964.5;3507.7;3937.6;4469.4;4989.9;5544.4
131,76.53850894961003,0.9228253637349486,9.436812160318574,10.389796992751453,0.3141157564124082,1.0,-37.21113235236158,6.709472173004676,12.147409529137372,0.1571054664107298,698.7199524512387,887.3743396130732,1285.6447125102793,80.99853626156607,3.092220424436946,0.21930641308063445,1.2716459888338534,0.00040410365137195735,1.0,calibrated_proxy,698.7;887.4;1285.6;1502.2;1830.6;2166.0;2431.5;2759.9;3081.4;3423.7
132,55.56395632712371,0.7342649945093894,6.161620443524498,14.50840707191442,0.14431563351855542,1.0,-8.200266010894524,1.4162361412946156,3.7828503509913842,0.1197494393740822,586.3413184551587,744.6534744380515,1078.868025957492,150.56521767539027,3.4609380724107326,0.2454566008801938,0.22206179382474067,0.022973281332003673,1.0,calibrated_proxy,586.3;744.7;1078.9;1260.6;1536.2;1817.7;2040.5;2316.0;2585.8;2873.1
133,63.52664633175009,1.462580321914896,5.1292673704336025,8.144052064147733,0.4621426685368739,1.0,-11.184263374648902,14.523157533602038,21.677699531607615,0.18967138707811226,825.1753714576857,1047.972721751261,1518.3226834821419,58.02369931770794,3.2734602948670988,0.23216030460050346,2.1711180459644708,4.938646492899697e-05,0.0,calibrated_proxy,825.2;1048.0;1518.3;1774.1;2162.0;2558.0;2871.6;3259.4;3639.0;4043.4
134,71.6139768410954,0.8035994227655476,5.7280124498599765,10.474666786696325,0.30654502698915653,1.0,-26.49395980060499,6.389950042881225,11.71090622352115,0.15543990593761442,692.5622996504153,879.5541205560274,1274.3146313567643,82.685058592183,3.0785647701800345,0.218337926963123,1.2253113577329589,0.0004607948078198932,1.0,calibrated_proxy,692.6;879.6;1274.3;1489.0;1814.5;2146.9;2410.1;2735.6;3054.2;3393.6
135,70.84778772740238,0.989114747944298,9.146471599832662,9.426112799055819,0.2528676770506028,1.0,-17.335281965988255,4.348060222593821,8.773827047084307,0.14363088895113263,650.8846645170654,826.6235239366731,1197.6277827114004,97.06394020775154,2.984495246526612,0.21166632954089445,0.8956576418201672,0.0012883763491954225,1.0,calibrated_proxy,650.9;826.6;1197.6;1399.4;1705.3;2017.7;2265.1;2571.0;2870.4;3189.3
136,73.94168893685949,1.5748305865731715,7.282590973151013,14.10702667907347,0.5310162517162896,0.0,-36.397405259438806,19.174521651903618,26.69997225020543,0.20482357537758372,884.8605456514789,1123.7728929773782,1628.1434039987212,51.3071177934492,3.146092180637121,0.2231271050097249,2.5862470532985733,2.2941800887126277e-05,0.0,calibrated_proxy,884.9;1123.8;1628.1;1902.5;2318.3;2743.1;3079.3;3495.2;3902.2;4335.8
137,73.42325699405288,0.771476506815929,9.232836120406718,13.490086032403372,0.2094780300858285,1.0,-28.490166491709733,2.9839110660274706,6.615410717353458,0.13408516661888226,620.902234181487,788.5458374104885,1142.460110893936,113.0506063576924,2.914945794610755,0.2067337442986351,0.6275896780051187,0.0034659619002238473,1.0,calibrated_proxy,620.9;788.5;1142.5;1334.9;1626.8;1924.8;2160.7;2452.6;2738.2;3042.4
138,71.83675118101152,1.115170772157675,4.01565418255518,7.726174566828333,0.6081327307786935,0.0,-28.104282699685704,25.148128440615857,32.722513725584434,0.22178920077131256,950.7250278967051,1207.4207854288154,1749.3340513299374,45.44183887406465,3.035158639765653,0.21525947799756404,3.0491319136518404,1.0796920365095545e-05,0.0,calibrated_proxy,950.7;1207.4;1749.3;2044.1;2490.9;2947.2;3308.5;3755.4;4192.7;4658.6
139,69.73663924498263,1.219649454041326,9.587755055617988,9.074503665906274,0.2871297249615724,1.0,-14.73918514881337,5.606156569042559,10.616132324754002,0.1511685394915459,677.0460680343914,859.8485064036771,1245.7647651832801,87.35655960525905,3.043883188519759,0.21587824032055028,1.106310056525198,0.000654594928906136,1.0,calibrated_proxy,677.0;859.8;1245.8;1455.6;1773.9;2098.8;2356.1;2674.3;2985.8;3317.5
140,62.83274955644126,1.6461663700919598,6.188032020365869,6.750028352112076,0.4546369270283441,1.0,-8.451914416004943,14.055242008408758,21.15174256493608,0.18802012394623568,818.6509219364519,1039.686670859294,1506.3176963630717,58.86557586162091,3.936448204681833,0.2791807237363002,2.12576573501193,5.403823093214664e-05,0.0,calibrated_proxy,818.7;1039.7;1506.3;1760.1;2144.9;2537.8;2848.9;3233.7;3610.3;4011.4
141,76.3379464079727,1.342408635679909,7.411524729635714,7.968527861016828,0.576044367418941,0.0,-35.65190087989277,22.56424369998598,30.167060369394687,0.21472976083216702,923.4829482772769,1172.8233443121417,1699.2086248301896,47.70858035465194,3.079600762506483,0.21841140159620448,2.8567485897127227,1.4602590483861253e-05,0.0,calibrated_proxy,923.5;1172.8;1699.2;1985.5;2419.5;2862.8;3213.7;3647.8;4072.6;4525.1
142,66.9685743345456,0.6461827659291932,5.580659223366893,8.9949091618108,0.21107926806620186,1.0,-15.2239263887979,3.0297031037007183,6.691407211741935,0.1344374389745644,621.9291034511459,789.8499613829554,1144.3495503501085,112.36575685223231,2.9173552171611696,0.2069046253305794,0.6375095505472455,0.003331170196116974,1.0,calibrated_proxy,621.9;789.8;1144.3;1337.1;1629.5;1928.0;2164.3;2456.6;2742.7;3047.5
143,76.42968764745713,0.8320863757314525,6.899754990638803,8.634316640876847,0.37578766068922337,1.0,-39.25884555627882,9.602712882986964,15.895085344456575,0.17067328535162912,750.45933362664,953.0833537058329,1380.8451738730178,69.49203855653188,3.2046636450339347,0.2272811095768748,1.64778532652076,0.00015311945871146119,1.0,calibrated_proxy,750.5;953.1;1380.8;1613.5;1966.2;2326.4;2611.6;2964.3;3309.5;3677.3
144,66.49488579267154,1.129206411925062,8.52493460239034,13.66123157525438,0.23743717776118473,1.0,-14.525207470899574,3.8335961100573575,7.983111093418734,0.14023617910746064,639.7506719178963,812.4833533357283,1177.1412363289292,102.19395082034012,2.9588588448979767,0.2098481450282253,0.8004979602312983,0.0017974089777163696,1.0,calibrated_proxy,639.8;812.5;1177.1;1375.5;1676.1;1983.2;2226.3;2527.0;2821.3;3134.8
145,63.39163480195381,0.861442470250227,8.507660797103057,6.297529621582303,0.18952501853937548,1.0,-7.284042232240724,2.442541820359842,5.693101312384999,0.1296955040786626,608.7271198364674,773.0834421923137,1120.0579004991,122.3568746484129,3.7187084910176194,0.2637381908523134,0.5037978088988944,0.005818894341317913,1.0,calibrated_proxy,608.7;773.1;1120.1;1308.8;1594.9;1887.1;2118.4;2404.5;2684.5;2982.8
146,67.34809104283,1.5321454104338375,8.610226145858189,11.792878266613272,0.33956300678824886,1.0,-14.263539680267964,7.840606419377191,13.653048926959157,0.16270386149341476,719.7758081932923,914.1152764054812,1324.3874870756579,75.80993530652663,3.1384664816264043,0.2225862752926528,1.4271225038779196,0.0002653870771814451,1.0,calibrated_proxy,719.8;914.1;1324.4;1547.5;1885.8;2231.3;2504.8;2843.1;3174.2;3526.9
147,59.53283612050047,0.8865320896372553,6.673467556430531,11.585041994568822,0.18838603661562595,1.0,-8.709597579402072,2.4132723178385893,5.641858044524767,0.1294449280554377,608.0692378928446,772.2479321239127,1118.847397722834,122.93538569172951,3.417625748825892,0.24238480488126896,0.4967212163094765,0.006002067520754933,1.0,calibrated_proxy,608.1;772.2;1118.8;1307.3;1593.1;1885.0;2116.1;2401.9;2681.6;2979.5
148,65.353543478983,0.9182429005047615,9.201707141346553,13.260397510120361,0.17520052809775472,1.0,-12.282020089400467,2.0872753031097857,5.060019693336635,0.12654411618150602,600.77579457221,762.9852591067067,1105.4274620128665,130.06124644286285,2.8673128771735947,0.20335552320380104,0.4147181042189454,0.008698875096140767,1.0,calibrated_proxy,600.8;763.0;1105.4;1291.7;1574.0;1862.4;2090.7;2373.1;2649.4;2943.8
149,64.08485604887736,1.5232590219151383,7.462178847023775,9.197321059537114,0.35409414450010374,1.0,-10.039506487473274,8.526021095509703,14.53875467408245,0.1659007117900228,732.0018353821253,929.6423309352991,1346.8833771031104,73.13984637722493,3.443643449957791,0.24423003191190007,1.5157285544599652,0.00021149715828220104,1.0,calibrated_proxy,732.0;929.6;1346.9;1573.8;1917.8;2269.2;2547.4;2891.4;3228.1;3586.8
150,56.86525873405601,1.601574259272318,8.074055893946404,6.188469229982963,0.31297442662424246,1.0,-4.49506109724609,6.660803437012587,12.081263855256443,0.15685437385733333,697.7881744605338,886.1909815648779,1283.9302410073822,81.24828541266025,4.608254500119252,0.3268265602921456,1.264663174926874,0.00041210232654583293,1.0,calibrated_proxy,697.8;886.2;1283.9;1500.2;1828.2;2163.1;2428.3;2756.3;3077.2;3419.2
151,79.8804391827947,0.7977538124257593,4.20410028650538,11.445943465084436,0.687925530147201,0.0,-118.21074274423576,32.180424381924915,39.369620777506924,0.23934361663238424,1017.2555281489474,1291.9145207491633,1871.7501717940634,40.6513486137799,2.9342278142271834,0.2081012634203676,3.526295099042006,5.416074645454433e-06,0.0,calibrated_proxy,1017.3;1291.9;1871.8;2187.1;2665.2;3153.5;3540.0;4018.2;4486.1;4984.6
152,63.75327222760657,1.4376769502930322,6.226006383710757,9.27472267990101,0.3817477694505773,1.0,-10.944769251733412,9.909732444673397,16.274732273799366,0.171984509279127,755.5649120146242,959.5674382585727,1390.2394381069084,68.55383458001029,3.286926889944765,0.23311538226558617,1.684021997124765,0.00014055055500572587,1.0,calibrated_proxy,755.6;959.6;1390.2;1624.5;1979.6;2342.3;2629.4;2984.5;3332.0;3702.3
153,79.46329176292676,1.0056609108357475,5.283152311308576,7.017525513792462,0.7494418919067511,0.0,-67.95640329623035,38.19309415544439,44.76679869956399,0.2528772162194852,1067.254159007721,1355.4127819398057,1963.7476525742068,37.603926537128935,2.864672183068001,0.20316823993390076,3.893106038230454,3.345017963617539e-06,0.0,calibrated_proxy,1067.3;1355.4;1963.7;2294.6;2796.2;3308.5;3714.0;4215.7;4706.6;5229.5
154,66.12881556141825,0.5960952896828655,9.744829704165323,8.967478453796403,0.12029645474860434,1.0,-10.244678735422367,0.9840441177056448,2.8789116252230564,0.11446522004469295,578.2062437937426,734.3219296180531,1063.8994885804864,171.69117276982345,3.0186046173718015,0.21408543385615614,0.07169167192234327,0.055324031821796196,1.0,calibrated_proxy,578.2;734.3;1063.9;1243.1;1514.9;1792.4;2012.2;2283.9;2549.9;2833.2
155,62.37348931623103,1.0287529434598257,9.861260541195488,8.679570561356726,0.18344013371377965,1.0,-7.277334705274709,2.288219220671196,5.421140064487878,0.12835682941703153,605.2626271716215,768.6835365079593,1113.6832339957837,125.51338601425864,3.709515060267559,0.26308617448706095,0.4659790946847464,0.006879882781331899,1.0,calibrated_proxy,605.3;768.7;1113.7;1301.3;1585.8;1876.3;2106.3;2390.8;2669.2;2965.8
156,77.02024045931257,1.2603869149524098,8.13300110419444,7.377109250997469,0.5330252605848057,0.0,-36.34289376325702,19.319883132662,26.85163761960607,0.20526555732865726,886.5922542517745,1125.9721628997536,1631.3297478232653,51.13482892637657,3.1430181757596274,0.2229090904794062,2.598330215691567,2.2466896841809887e-05,0.0,calibrated_proxy,886.6;1126.0;1631.3;1906.2;2322.9;2748.4;3085.3;3502.0;3909.9;4344.3
157,57.169479812881846,0.8709198258586853,6.562035779453714,8.547928479111736,0.1886433773196125,1.0,-6.126026218739613,2.419870018845379,5.653422400313984,0.12950154301031475,608.2175067530009,772.4362335763111,1119.1202124255217,122.80419158904563,3.9601257744616984,0.2808599840043758,0.49832019265059957,0.0059600990976248595,1.0,calibrated_proxy,608.2;772.4;1119.1;1307.7;1593.5;1885.5;2116.6;2402.5;2682.2;2980.3
158,70.1860719068326,1.0456380000114636,6.450853848352815,10.67178657635625,0.3366871464441536,1.0,-21.249079160152295,7.708359951488071,13.479969078921911,0.16207117221771378,717.3718678915243,911.0622722222358,1319.9642369204048,76.36211947677826,3.1332211010238904,0.22221426248396386,1.4095716732424437,0.0002778813712687548,1.0,calibrated_proxy,717.4;911.1;1320.0;1542.3;1879.5;2223.9;2496.5;2833.6;3163.6;3515.1
159,64.31321028373016,0.9006525603072042,8.298063576402662,13.033619448512056,0.18085798474083434,1.0,-11.856407941755899,2.2242535238270786,5.307079845386478,0.12778875664298356,603.8305885904848,766.8648475099158,1111.048283006492,126.90346406529795,2.8745934168776768,0.2038718735374239,0.44992101953436925,0.007397408851098106,1.0,calibrated_proxy,603.8;766.9;1111.0;1298.2;1582.0;1871.9;2101.3;2385.1;2662.9;2958.8
160,75.76143797405419,0.6791960019472458,8.44423099276053,14.310064528478906,0.22677288075319793,1.0,-42.68199899538901,3.4969638822670808,7.451363777956684,0.13789003376570352,632.3427233137686,803.0752586084861,1163.5106108973343,106.0750141692013,2.9416780134675515,0.2086296463452164,0.7346214982022043,0.0022891089496423064,1.0,calibrated_proxy,632.3;803.1;1163.5;1359.5;1656.7;1960.3;2200.6;2497.8;2788.6;3098.5
161,61.50950957482299,1.3357001018163033,8.156208316274894,12.667670697638364,0.25078597001949104,1.0,-9.393903143360763,4.276764987585961,8.665705900281624,0.14317291340428803,649.3561369690934,824.6822939507487,1194.8152920231319,97.7252035838256,3.383389104018643,0.23995667404387538,0.8828305621504344,0.0013460853200991485,1.0,calibrated_proxy,649.4;824.7;1194.8;1396.1;1701.3;2013.0;2259.8;2565.0;2863.7;3181.8
162,77.47257156282714,1.207982360860099,5.075754582947366,13.452155007924038,0.7034792966885642,0.0,-75.2440893096878,33.652052219121714,40.71234065902172,0.24276544527148414,1030.0067302498849,1308.1085474173537,1895.2123836597882,39.83441921904559,2.9160087823571232,0.2068091335005052,3.6191209413196646,4.776861617502934e-06,0.0,calibrated_proxy,1030.0;1308.1;1895.2;2214.5;2698.6;3193.0;3584.4;4068.5;4542.3;5047.0
163,64.90844932188236,0.5002463449040285,8.665564158963381,6.524562025034006,0.11297631468276495,1.0,-8.352496394000783,0.867928042192341,2.620174384091062,0.11285478923020828,576.3564118486551,731.972643047792,1060.4957978015254,179.37631853666178,3.4002500513124994,0.2411524859086879,0.025776431922886145,0.07427432632017654,1.0,calibrated_proxy,576.4;732.0;1060.5;1239.2;1510.1;1786.7;2005.7;2276.6;2541.7;2824.1
164,62.193593982270066,1.1975186679325203,9.087769322976651,6.575786799808285,0.23921081117307735,1.0,-6.536613380554537,3.8910832283815533,8.072727565967183,0.14062637845807702,641.0064876648685,814.0782393343829,1179.4519373033581,101.57634268148352,3.9770289290809084,0.28205878929651834,0.811445412806161,0.001728211065097907,1.0,calibrated_proxy,641.0;814.1;1179.5;1378.2;1679.4;1987.1;2230.7;2532.0;2826.8;3140.9
165,75.01374079300378,0.9831778806063596,9.835293070186975,6.973391195153768,0.31261017125480406,1.0,-24.1976450451694,6.6453081036931385,12.060178819975752,0.1567742376760569,697.4910511613206,885.8136349748771,1283.38353413683,81.32832375584884,3.089499945373249,0.2191134713030673,1.2624344324663075,0.0004146941346747579,1.0,calibrated_proxy,697.5;885.8;1283.4;1499.6;1827.4;2162.2;2427.3;2755.1;3075.9;3417.7
166,73.79588802459091,0.8120481508654698,8.575684955816648,13.351487930653505,0.23974181844727133,1.0,-31.039379043085983,3.9083774868434995,8.099622598948708,0.1407432000583997,641.3837291760551,814.55733605359,1180.1460616839415,101.3929137014535,2.962632898186237,0.21011580838200264,0.814722481906172,0.001708104789264552,1.0,calibrated_proxy,641.4;814.6;1180.1;1379.0;1680.4;1988.3;2232.0;2533.5;2828.5;3142.8
167,70.48008841760851,0.5165792742690191,4.08276950817283,7.278680927129535,0.2628008610555377,1.0,-23.007310165212907,4.696371894864177,9.295853409024332,0.1458161894322183,658.2825902345967,836.0188895979378,1211.239966031658,94.03017523722946,3.0014081436350093,0.21286582578971697,0.9568186439702466,0.001049964237942894,1.0,calibrated_proxy,658.3;836.0;1211.2;1415.3;1724.7;2040.7;2290.8;2600.2;2903.0;3225.6
168,67.55936820044664,1.4829626742670885,5.47343003624073,10.889157866512015,0.4859068948461329,0.0,-18.48195662525275,16.05517471121274,23.37107467800895,0.19489951686614926,845.8210192135498,1074.1926944012082,1556.3106753529316,55.512674322900715,3.2178783524428436,0.22821832286828678,2.314558382284498,3.747054085715482e-05,0.0,calibrated_proxy,845.8;1074.2;1556.3;1818.5;2216.1;2622.0;2943.5;3341.0;3730.1;4144.5
169,78.27826241046296,0.5213752732313235,8.413002020777299,9.783205512182702,0.2252125905945528,1.0,-50.8157414631213,3.449008345437056,7.374593565396023,0.13754676993080162,631.2803607160282,801.7260581093558,1161.555863717492,106.66818443240953,2.9392059027973505,0.20845431934732983,0.7249754552313759,0.0023735833592842433,1.0,calibrated_proxy,631.3;801.7;1161.6;1357.3;1654.0;1957.0;2196.9;2493.6;2783.9;3093.3
170,66.7795114838983,1.5588247762904672,5.847414295499882,12.63822844753532,0.4567142484451906,0.0,-18.210484817741985,14.183977521834159,21.29687745744672,0.1884771346579419,820.4566686105571,1041.9799691354076,1509.6402702434252,58.63009512194286,3.2672399762627173,0.231719147252675,2.138319997900469,5.2701210369912946e-05,0.0,calibrated_proxy,820.5;1042.0;1509.6;1764.0;2149.6;2543.4;2855.2;3240.8;3618.2;4020.2
171,62.49460270628173,1.1564565223254433,9.68494861501058,8.330894728822676,0.21163168737025695,1.0,-7.265596063570739,3.045582034744388,6.717692692176555,0.13455897122145652,622.2849722418023,790.3019147470889,1145.0043489249163,112.13144198431507,3.7638077007198842,0.2669367163631124,0.6409313636200085,0.0032860982955969817,1.0,calibrated_proxy,622.3;790.3;1145.0;1337.9;1630.4;1929.1;2165.6;2458.0;2744.3;3049.2
172,72.32533833538392,0.6173599026622395,4.6526152162968435,9.03737555550263,0.2975598415719239,1.0,-29.925753062198766,6.020846433508974,11.199807777970905,0.15346316514582325,685.3291518186986,870.3680228097472,1261.0056393464056,84.78204993579975,3.0624462484712525,0.2171947693951243,1.1702707134273345,0.0005406431235377984,1.0,calibrated_proxy,685.3;870.4;1261.0;1473.5;1795.6;2124.5;2384.9;2707.1;3022.3;3358.1
173,56.05900758953583,0.8098690159903839,9.885299150109015,9.534798111137123,0.12122569635008486,1.0,-4.774635318876064,0.9993055229782825,2.912333608127689,0.11466965319701866,578.4633105458487,734.6484043932278,1064.3724914043617,170.7628939961015,4.138571323361642,0.29351569669231503,0.07751746116577696,0.05334534530626283,1.0,calibrated_proxy,578.5;734.6;1064.4;1243.7;1515.6;1793.2;2013.1;2284.9;2551.0;2834.5
174,66.60950491975643,0.7436170637320669,4.375745773098282,9.283037849786277,0.2902426674010178,1.0,-17.699430622990338,5.728374806643933,10.789243029005805,0.1518533868282239,679.5046752430629,862.9709375586899,1250.288602447236,86.57163683856814,3.0494049187025447,0.2162698523902514,1.1254074281061412,0.0006178621546499031,1.0,calibrated_proxy,679.5;863.0;1250.3;1460.9;1780.3;2106.5;2364.7;2684.0;2996.6;3329.6
175,73.36161657000241,1.6752246552431418,9.022938005959316,9.146761756328939,0.4955144742308004,1.0,-23.044381695256586,16.696352403711405,24.067645621209856,0.19701318433077608,854.1567242092169,1084.7790397457054,1571.648372544959,54.55914888740056,3.20213823871,0.22710200274539008,2.3724866269402423,3.363427129434311e-05,0.0,calibrated_proxy,854.2;1084.8;1571.6;1836.4;2237.9;2647.9;2972.5;3373.9;3766.8;4185.4
176,70.71712913040928,1.5080375211885804,4.689633403138734,9.977259014693011,0.6542956936765078,0.0,-26.58430058884953,29.11099412392633,36.51826902290442,0.2319450526088317,989.4378366596601,1256.5860525577684,1820.5656194537746,42.53952364966589,2.975189289193449,0.2110063325669113,3.325389290094817,7.173369719090069e-06,0.0,calibrated_proxy,989.4;1256.6;1820.6;2127.3;2592.3;3067.3;3443.2;3908.3;4363.4;4848.2
177,61.35649506114724,0.8256194192494203,4.829594095619432,8.011025319041376,0.25721713838366267,1.0,-9.687143059865916,4.498924626923058,9.00116958725626,0.1445877704444058,654.1032404916677,830.711115424418,1203.5499625046687,95.71132604220618,3.331927548113663,0.23630691830593356,0.92244750552156,0.001176906158260495,1.0,calibrated_proxy,654.1;830.7;1203.5;1406.3;1713.8;2027.7;2276.3;2583.7;2884.6;3205.1
178,55.157243051403384,1.140446266127746,7.49322181044377,6.851121087068448,0.22372791946190537,1.0,-4.3625048692537165,3.4036843723791916,7.301790474781178,0.13722014228161916,630.2748053440474,800.4490027869402,1159.7056418330474,107.23891405950691,4.407964934184819,0.31262162653793046,0.7157950694828776,0.0024573735905073857,1.0,calibrated_proxy,630.3;800.4;1159.7;1355.1;1651.3;1953.9;2193.4;2489.6;2779.5;3088.3
179,59.246598515298125,1.4296192744183036,9.49188512619613,14.556854470362557,0.2174718709461776,1.0,-7.864968640909833,3.2159929963925027,6.99767433431428,0.13584381160815906,626.0963301187596,795.1423392508248,1152.0172474185179,109.71376117589601,3.6477213607463934,0.2587036426061272,0.6770913514213255,0.0028507657454601215,1.0,calibrated_proxy,626.1;795.1;1152.0;1346.1;1640.4;1940.9;2178.8;2473.1;2761.1;3067.9
180,67.25226317755131,1.762848556017311,4.905052786521824,10.139387538175292,0.6322772268730846,0.0,-18.43817860962119,27.184665430317633,34.69048730314561,0.2271009899120786,971.046672894959,1233.2292745765978,1786.7258781267246,43.875400591752665,3.0032314731068013,0.2129951399366526,3.193693904064019,8.687371966378575e-06,0.0,calibrated_proxy,971.0;1233.2;1786.7;2087.8;2544.1;3010.2;3379.2;3835.6;4282.3;4758.1
181,56.77639233900066,1.4685221701155218,7.768637866359935,13.070826363850834,0.25217690322328923,1.0,-7.019524445619877,4.324336955311596,8.737899625525955,0.14347891870912363,650.3765821548382,825.9782593366444,1196.6929111649022,97.28235428564679,3.901214191242525,0.27668185753493085,0.8914015943706215,0.0013071982418046526,1.0,calibrated_proxy,650.4;826.0;1196.7;1398.3;1704.0;2016.2;2263.3;2569.0;2868.2;3186.8
182,71.77992447165121,0.7335777271406939,9.041187019291504,6.590520758516969,0.21091212237848525,1.0,-16.311551997036474,3.024906788901405,6.683460777006832,0.13440066692326674,621.8215895433198,789.7134187200161,1144.1517247597085,112.43685010753504,2.9171030422630073,0.2068867405860289,0.6364741614872855,0.003344949952647136,1.0,calibrated_proxy,621.8;789.7;1144.2;1336.9;1629.2;1927.6;2163.9;2456.2;2742.2;3046.9
183,77.94921532155755,1.349963178637553,5.310437402858945,7.833240490838129,0.8624542968654285,0.0,-55.03676909059189,50.58026416435157,55.26538834305636,0.27773994531039425,1156.047407829816,1468.1802079438662,2127.1272304068616,33.064191357820164,2.7524601295275,0.1952099382643617,4.564932709490908,1.51061666635238e-06,0.0,calibrated_proxy,1156.0;1468.2;2127.1;2485.5;3028.8;3583.7;4023.0;4566.4;5098.2;5664.6
184,60.35995934415226,1.4079378071625333,9.531668609814936,11.372851521132182,0.23122849260276088,1.0,-7.328752045469248,3.6357298738114627,7.672044491609231,0.13887026837260738,635.4072400233356,806.9671948296362,1169.1493216429376,104.41753130501439,3.789740508766797,0.26877592260757427,0.7621561982969793,0.0020665993647896314,1.0,calibrated_proxy,635.4;807.0;1169.1;1366.1;1664.8;1969.8;2211.2;2509.9;2802.1;3113.5
185,62.69312362356901,1.082320177574812,7.558244431728232,7.682273348866904,0.24712952569036914,1.0,-8.042897147591749,4.152964167820384,8.476880174469313,0.1423684956518812,646.6906641644104,821.2971434888011,1189.910822062515,98.90919420017153,3.6687331486230566,0.26019384032787635,0.8602921749379788,0.0014549590605689357,1.0,calibrated_proxy,646.7;821.3;1189.9;1390.4;1694.3;2004.7;2250.5;2554.4;2851.9;3168.8
186,74.9119733588501,1.718679987608924,5.378047746095556,7.503164632975853,0.8828444851026344,0.0,-33.63898565489087,53.00017817157722,57.236807670131945,0.2822257867225796,1171.6481104511806,1487.9931002729995,2155.8325232301722,32.36078442586347,2.734073973023115,0.19390595553355425,4.6858943089445955,1.3227310232181917e-06,0.0,calibrated_proxy,1171.6;1488.0;2155.8;2519.0;3069.7;3632.1;4077.3;4628.0;5167.0;5741.1
187,59.01171035659001,1.2998284285982646,7.762189847649588,10.071520367908036,0.2488644476687298,1.0,-6.968499166799946,4.211478905315413,8.566301948003632,0.14275017848712054,647.9522737522288,822.8993876653307,1192.232183704101,98.34378630103635,3.904986700430397,0.27694941137804235,0.8709875521445223,0.0014020612164754964,1.0,calibrated_proxy,648.0;822.9;1192.2;1393.1;1697.6;2008.7;2254.9;2559.4;2857.5;3175.0
188,61.908770901191076,1.7808556754127078,4.9558386756317905,12.89285633060497,0.5040011972014634,0.0,-13.861128485351802,17.273170061074573,24.688598832123933,0.19888026338432196,861.5120038716723,1094.120244917024,1585.182087123877,53.744160522402005,3.188439585144067,0.22613046703149411,2.4236277618161672,3.0623789468188496e-05,0.0,calibrated_proxy,861.5;1094.1;1585.2;1852.3;2257.2;2670.7;2998.1;3403.0;3799.3;4221.4
189,76.06578632850406,1.6273559103156559,6.125469353629361,14.467220248967575,0.7220289566128305,0.0,-55.775439502233,35.45015536474406,42.333191713093115,0.24684637045482272,1045.1175285582704,1327.2992612690034,1923.0162525472176,38.90266543705992,2.894851518721007,0.2053086183490076,3.7297530370429506,4.126383958941512e-06,0.0,calibrated_proxy,1045.1;1327.3;1923.0;2247.0;2738.2;3239.9;3637.0;4128.2;4609.0;5121.1
190,67.94186083007904,0.5655238163780858,5.59324886754057,6.47467350982089,0.203924059869039,1.0,-13.697379979420145,2.8277815091560554,6.35406705901303,0.13286329317118858,617.3953481963761,784.0920922093976,1136.007440681332,115.4933335476883,2.9067022604228843,0.2061490964838925,0.5931655477242299,0.003985614184458824,1.0,calibrated_proxy,617.4;784.1;1136.0;1327.4;1617.6;1913.9;2148.5;2438.7;2722.7;3025.2
191,74.27743214161418,1.660725049615172,9.910496722275884,7.204697811976663,0.49904886505048207,1.0,-22.148275035861335,16.93538434015585,24.32560772920808,0.19779075031110604,857.2209060089325,1088.6705506313442,1577.2864670564359,54.21670113753851,3.1964100082918816,0.22669574526892777,2.3937881896064357,3.234019454058058e-05,0.0,calibrated_proxy,857.2;1088.7;1577.3;1843.0;2245.9;2657.4;2983.1;3386.0;3780.3;4200.4
192,65.56712314133085,1.074152935687704,8.044526043298463,9.39441946947029,0.24602960679941346,1.0,-11.059473263676672,4.116078584687432,8.420350112313123,0.14212651349587097,645.8937775511254,820.2850974899293,1188.4445506940708,99.27110030432003,3.0142266668896673,0.2137749409141608,0.8535102304289941,0.0014897083463198434,1.0,calibrated_proxy,645.9;820.3;1188.4;1388.7;1692.2;2002.3;2247.7;2551.3;2848.4;3164.9
193,74.63336377583282,1.1932517052986906,5.543553990845545,10.85265817611453,0.5501060922832332,0.0,-40.12261297735438,20.577936468164776,28.15261704602528,0.2090233403023113,901.2853487563015,1144.632392920503,1658.3650417115948,49.716189021217396,3.1172935665754014,0.2210846501117306,2.7010077325410893,1.8862203563090775e-05,0.0,calibrated_proxy,901.3;1144.6;1658.4;1937.8;2361.4;2794.0;3136.5;3560.1;3974.7;4416.3
194,56.189836654736155,0.7552061636440179,7.853538283289133,10.028673776090058,0.13433265518133355,1.0,-5.656389245459791,1.22707783286856,3.397202923910868,0.11755318413989338,582.5959006572826,739.896793834749,1071.9764572094,158.67271547460732,3.9722578355143434,0.2817204138662655,0.1596196576685287,0.03260825972233067,1.0,calibrated_proxy,582.6;739.9;1072.0;1252.6;1526.4;1806.0;2027.4;2301.3;2569.2;2854.7
195,69.27625321470707,1.7325551408045186,8.816239657180232,9.700897941790382,0.42290975780300405,1.0,-15.204843257284852,12.161981100659697,18.97669813888667,0.18104014671666088,791.094732682482,1004.6903105067522,1455.614308135767,62.71751470849316,3.290281975230923,0.23335333157666122,1.933789721343707,8.03558456233593e-05,1.0,calibrated_proxy,791.1;1004.7;1455.6;1700.9;2072.7;2452.4;2753.0;3124.8;3488.7;3876.4
196,59.32705349409102,0.9646016890081173,7.241585901062065,13.74957711141438,0.1845008766064133,1.0,-9.11781539635904,2.3147589958603763,5.468229602573629,0.12859019285341092,605.8575870466689,769.4391355492695,1114.7779601658708,124.95126888936882,3.325919158330381,0.23588079137094903,0.47257408136377244,0.006679623450089025,1.0,calibrated_proxy,605.9;769.4;1114.8;1302.6;1587.3;1878.2;2108.4;2393.1;2671.8;2968.7
197,76.73641920177721,1.768898977568651,7.648025619160546,12.59786883817279,0.7015238546846152,0.0,-48.45542705015367,33.465228871026156,40.542708220243064,0.24233524803061535,1028.4076671811351,1306.0777373200417,1892.2701076132887,39.93528859790641,2.9182749414586477,0.20696985400415943,3.6074538700002314,4.85217660832295e-06,0.0,calibrated_proxy,1028.4;1306.1;1892.3;2211.1;2694.4;3188.1;3578.9;4062.2;4535.3;5039.2
198,71.03144399802042,1.5408605363394252,8.973094651332179,6.909170220604229,0.4264639662445422,1.0,-15.356466172911631,12.367262986341771,19.216425353835895,0.1818220725737993,794.1776317692593,1008.6055923469593,1461.2868424554372,62.26064127909351,3.2966868618193517,0.2338075788524363,1.9553180985590863,7.675645851220713e-05,1.0,calibrated_proxy,794.2;1008.6;1461.3;1707.5;2080.7;2462.0;2763.7;3137.0;3502.3;3891.5
199,61.1157611648625,1.5385709532684246,5.725468275945251,13.816861371458025,0.3732566707288367,1.0,-12.34173935038851,9.473796872563115,15.734772127639923,0.17011646756034407,748.2952589837577,950.3349789093722,1376.8632765301143,69.89841704236407,3.2000397181295455,0.22695317149854932,1.6323915159406424,0.00015885313063984392,1.0,calibrated_proxy,748.3;950.3;1376.9;1608.8;1960.5;2319.7;2604.1;2955.8;3300.0;3666.6
200,60.71477833725422,0.6700820744255547,4.615510978317485,11.253976741251734,0.1989542977121566,1.0,-12.067261236801471,2.6916312553133466,6.123208929780607,0.13176994549667445,614.3322606491367,780.2019710244036,1130.3713595944116,117.77202410185679,2.8994827743749667,0.20563707619680616,0.5623404743461402,0.0045293380642365,1.0,calibrated_proxy,614.3;780.2;1130.4;1320.8;1609.6;1904.4;2137.9;2426.6;2709.2;3010.2
201,75.19361274633758,0.8678406180095785,4.3881270484464885,7.418473720733655,0.5373914428689233,0.0,-39.33898632616224,19.63769027507454,27.18223800291927,0.20622611743116312,890.3533007851715,1130.748691997168,1638.2500734447158,50.764420721404065,3.1363727532622563,0.22243778391930896,2.6245858297053144,2.147392332420976e-05,0.0,calibrated_proxy,890.4;1130.7;1638.3;1914.3;2332.7;2760.1;3098.4;3516.9;3926.5;4362.7
202,57.34379040371988,1.588449196489876,5.869366335083766,12.272088821083651,0.34979753047367507,1.0,-8.480377426435707,8.320365238132752,14.274936971529288,0.16495545670420853,728.3738195568596,925.0347508372117,1340.2078279846219,73.90917546460642,3.793092712481545,0.2690136675518826,1.4895420472944365,0.00022596856382489048,1.0,calibrated_proxy,728.4;925.0;1340.2;1566.0;1908.3;2258.0;2534.7;2877.1;3212.1;3569.0
203,71.43833198227775,1.2690281011770121,9.219278942566897,13.698480157818295,0.3096644890328902,1.0,-22.769252222247392,6.520662512224066,11.890118928215285,0.15612618758723584,695.0928468181703,882.7679154590763,1278.9708381454334,81.98153897857266,3.08418401192086,0.21873645474616027,1.244407732429757,0.0004363720658603879,1.0,calibrated_proxy,695.1;882.8;1279.0;1494.4;1821.1;2154.8;2418.9;2745.6;3065.4;3406.0
204,76.27296857086773,1.355887918849748,5.331426202160288,11.270371030895681,0.7145101412383954,0.0,-53.2282157390783,34.7156824514108,41.673664071132514,0.24519223107244698,1039.0053234502357,1319.5367607817993,1911.7697951484338,39.27495443235166,2.9033538718275524,0.20591162211542927,3.684919503011188,4.376725730107205e-06,0.0,calibrated_proxy,1039.0;1319.5;1911.8;2233.9;2722.2;3220.9;3615.7;4104.1;4582.0;5091.1
205,56.55529930652529,0.9686553369770825,6.3024530066522235,7.297264205199948,0.22101320300250424,1.0,-5.472923225935621,3.321584841296978,7.169294465498805,0.13662290466055094,628.449813413395,798.1312630350117,1156.3476566806469,108.29873689550831,4.164747808186532,0.29537218497776824,0.699004118372422,0.002619717925690821,1.0,calibrated_proxy,628.4;798.1;1156.3;1351.2;1646.5;1948.2;2187.0;2482.4;2771.5;3079.4
206,72.69361399868384,1.0623473370395689,6.4974276806124,10.145829896528987,0.3889714248966962,1.0,-27.14642804946889,10.2883163182593,16.738850765957647,0.17357371347727318,761.7691760830963,967.4468536255324,1401.6552839928972,67.45076006637275,3.228721381057668,0.22898733198990553,1.7279158873664393,0.00012690502810956764,1.0,calibrated_proxy,761.8;967.4;1401.7;1637.8;1995.8;2361.5;2651.0;3009.0;3359.4;3732.7
207,61.07803014939094,1.4500040962200345,8.25316427859109,9.227013012252822,0.28413482840486687,1.0,-7.4594888447762475,5.489816848461094,10.450469401824252,0.1505096622490707,674.6921194572741,856.8589917107381,1241.4334998013844,88.12553933069019,3.876245166126628,0.27491100468983176,1.087930484141968,0.0006923770497155983,1.0,calibrated_proxy,674.7;856.9;1241.4;1450.6;1767.7;2091.5;2347.9;2665.0;2975.4;3306.0
208,65.94793695641246,1.7436993084694987,4.446058511803713,12.040184589870183,0.6255371784347294,0.0,-19.90735839522114,26.608179789077614,34.13726951984058,0.22561817925564048,965.3897399819132,1226.0449697770298,1776.3171215667203,44.30153527128831,3.0120176985134495,0.21361827649031556,3.153354931679983,9.223488930696732e-06,0.0,calibrated_proxy,965.4;1226.0;1776.3;2075.6;2529.3;2992.7;3359.6;3813.3;4257.4;4730.4
209,68.73763594734808,1.6414379220482267,4.796691676229968,10.255593637985594,0.635972018304543,0.0,-21.755548393721714,27.50330774851207,34.9950084329622,0.22791384402699946,974.1423638961534,1237.1608021481147,1792.4219495689222,43.645314522315545,2.998455746806817,0.2126564359437459,3.215801902536917,8.408977029905024e-06,0.0,calibrated_proxy,974.1;1237.2;1792.4;2094.4;2552.3;3019.8;3390.0;3847.9;4296.0;4773.3
210,74.09866315449244,0.7131572272748292,5.048308648221015,9.59702624121358,0.35130245623178913,0.0,-36.677463537171455,8.392112271305193,14.367158076942642,0.1652865403709936,729.6433905609334,926.6471060123855,1342.5438386321175,73.6378408664938,3.1599062527919664,0.22410682643914656,1.498715304996435,0.00022077131003196682,0.0,calibrated_proxy,729.6;926.6;1342.5;1568.7;1911.7;2261.9;2539.2;2882.1;3217.7;3575.3
211,58.171776023600366,0.7236208395446133,8.589138214944082,14.022635896321878,0.11689270730782397,1.0,-7.582912297266283,0.929145541479177,2.757593309156563,0.11371639560772127,577.3070147004661,733.1799086695919,1062.2449070488576,175.18025013641113,3.560369973109914,0.25250850873119957,0.05034671349493469,0.06333600548872881,1.0,calibrated_proxy,577.3;733.2;1062.2;1241.2;1512.5;1789.7;2009.0;2280.4;2545.9;2828.8
212,76.69511946600039,1.1760862149698674,8.682379767294371,7.938541707146199,0.45440864775444234,1.0,-34.68258921182197,14.041130902473418,21.13581370616136,0.1879699025059773,818.4524879637892,1039.4346597140122,1505.952577853372,58.891570612890334,3.271237847517599,0.23200268422110631,2.1243860213795287,5.41875696281516e-05,0.0,calibrated_proxy,818.5;1039.4;1506.0;1759.7;2144.3;2537.2;2848.2;3232.9;3609.4;4010.4
213,56.611847857721706,1.6907640398260386,8.73296764383138,14.144195801284772,0.2594000465395216,1.0,-6.767595455244971,4.575610121840006,9.115996824737213,0.14506801023869476,655.7309141365919,832.7782609534717,1206.544882011329,95.04685047178907,3.972125408168486,0.281711021855921,0.9358873974957558,0.0011252450058193543,1.0,calibrated_proxy,655.7;832.8;1206.5;1409.8;1718.0;2032.8;2281.9;2590.1;2891.8;3213.1
214,59.48505336791908,1.5118401219374977,5.18614561682253,8.377819295591403,0.41900305803253773,1.0,-8.276434387945882,11.938322259562035,18.714355695215215,0.1801806727671583,787.7079717080205,1000.3891240691861,1449.3826679427577,63.227644306142565,3.993260777176809,0.2832099841969368,1.9101194899668972,8.454301254286211e-05,1.0,calibrated_proxy,787.7;1000.4;1449.4;1693.6;2063.8;2441.9;2741.2;3111.4;3473.8;3859.8
215,78.16370738839912,1.0934599318726963,9.620227319180154,7.543227247421373,0.43758290093533975,1.0,-41.00903100710791,13.020558072987141,19.972829994342344,0.18426823820577476,803.8305560393317,1020.8648061699512,1479.0482231123704,60.87413925183358,3.3008561880676064,0.23410327574947565,2.022630007773913,6.665805647095391e-05,1.0,calibrated_proxy,803.8;1020.9;1479.0;1728.2;2106.0;2491.9;2797.3;3175.1;3544.9;3938.8
216,77.7121921678335,0.8998659714387213,8.01123260859816,11.303008808234589,0.37693598236856923,1.0,-51.51477001870577,9.661489966682767,15.967998627343508,0.1709259161210852,751.4419993832031,954.331339216668,1382.6532788650939,69.30924649961467,3.206761082484153,0.22742986400596832,1.6547684370082272,0.0001505983937615223,1.0,calibrated_proxy,751.4;954.3;1382.7;1615.6;1968.8;2329.5;2615.0;2968.2;3313.9;3682.1
217,74.55882579999692,1.700577977560664,8.388646765269254,14.950280989722247,0.5243414014158393,0.0,-37.34015004904786,18.69550555623339,26.198131423376008,0.20335510831148462,879.102058763897,1116.4596146301492,1617.5477881255706,51.888117657706836,3.1563794727198418,0.22385670019289658,2.546091249904319,2.4606281903006368e-05,0.0,calibrated_proxy,879.1;1116.5;1617.5;1890.1;2303.2;2725.2;3059.3;3472.5;3876.8;4307.6
218,58.46860963651054,1.5687882421481791,9.503689532886336,14.199358807813226,0.23501357138494353,1.0,-7.312798362777284,3.7557337539872044,7.861193822330996,0.1397029857046876,638.0453101660612,810.3175439108977,1174.0033707055527,103.05036783465457,3.80102793171168,0.269576449057566,0.7855346260891567,0.001897288194214159,1.0,calibrated_proxy,638.0;810.3;1174.0;1371.8;1671.7;1977.9;2220.4;2520.3;2813.8;3126.4
219,58.00123026858886,1.553633318555276,9.120658208476438,8.5606185573064,0.2643605091376662,1.0,-5.396071516842517,4.752280557823774,9.37872841985031,0.14615931201028656,659.4591264344054,837.5130905716949,1213.4047926393062,93.57129437846302,4.283050792440132,0.3037624675489456,0.9664150338220676,0.001017425654270605,1.0,calibrated_proxy,659.5;837.5;1213.4;1417.8;1727.8;2044.3;2294.9;2604.9;2908.2;3231.3
220,60.84543179618417,1.7910205733958047,6.1373264898280295,8.368110180762686,0.450378048833934,1.0,-8.230685610046065,13.793146307259377,20.85522661919012,0.18708317074346548,814.9489641758303,1034.9851845033045,1499.5060940835278,59.354426115732394,3.9981240198821584,0.28355489502710346,2.1000215492139893,5.6905786528057376e-05,0.0,calibrated_proxy,814.9;1035.0;1499.5;1752.1;2135.2;2526.3;2836.0;3219.0;3593.9;3993.2
221,75.28253995111963,1.4778627024211344,4.128576870964049,11.181786412522598,0.9024569222013255,0.0,-55.07950157500174,55.38113775717807,59.154639425989046,0.2865405228842916,1186.5348085448773,1506.8992068519942,2183.224047722574,31.712246053889707,2.71686849192755,0.192685708647344,4.80217496065471,1.1672636703234471e-06,0.0,calibrated_proxy,1186.5;1506.9;2183.2;2551.0;3108.7;3678.3;4129.1;4686.8;5232.6;5814.0
222,58.52953590253441,1.2830917515662326,4.414355372255718,14.342221498766872,0.356230811311083,1.0,-12.836581928334667,8.629226583059962,14.670547123272492,0.16637077848843823,733.8097605510852,931.9383958998783,1350.2099594139968,72.763311388391,3.1689151729171128,0.2247457569444761,1.528746926014093,0.00020470716690264504,1.0,calibrated_proxy,733.8;931.9;1350.2;1577.7;1922.6;2274.8;2553.7;2898.5;3236.1;3595.7
223,62.74585480817986,0.9071327270046544,9.270651641616203,9.7238840189453,0.16808926487130652,1.0,-8.214959895043373,1.9212720656183842,4.7550934620869265,0.12497963827168743,597.1044991836475,758.3227139632323,1098.6722784979113,134.26439454306507,3.4895042273061314,0.2474825693124916,0.3704303410163021,0.01073319562558505,1.0,calibrated_proxy,597.1;758.3;1098.7;1283.8;1564.4;1851.0;2077.9;2358.6;2633.2;2925.8
224,73.2442314127068,0.7946508294426338,6.788929367144138,10.639560412995063,0.2868284394967405,1.0,-29.08751180828769,5.594397651881201,10.599427433756384,0.1511022566892829,676.8087484001452,859.5471104681844,1245.328097056267,87.43329919817738,3.0433496675437532,0.2158404019534577,1.1044613629750302,0.0006582843392889079,1.0,calibrated_proxy,676.8;859.5;1245.3;1455.1;1773.2;2098.1;2355.3;2673.4;2984.7;3316.4
225,59.930192739144246,1.5651484749195816,4.765320770873508,9.366988474682612,0.45910532889398037,1.0,-9.759001704146145,14.332883805281792,21.464342582671502,0.18900317235667569,822.5351616490497,1044.6196552942931,1513.4646974342513,58.36141049564558,3.616948616970971,0.25652117850857953,2.152768215115851,5.120998414828903e-05,0.0,calibrated_proxy,822.5;1044.6;1513.5;1768.5;2155.0;2549.9;2862.4;3249.0;3627.4;4030.4
226,55.69184418955155,1.6284944348283548,4.98231199890207,7.466811753401403,0.43637456079552583,1.0,-6.044270683028472,12.948747497045188,19.890157761525035,0.18400240337501567,802.781024020206,1019.5319005056616,1477.117084197179,61.02176355975343,4.553529034388705,0.32294532158785144,2.0153176385966693,6.767656375612587e-05,1.0,calibrated_proxy,802.8;1019.5;1477.1;1726.0;2103.3;2488.6;2793.7;3171.0;3540.3;3933.6
227,65.27812940354315,0.7526977116283657,7.434395945372243,6.02953821397891,0.197897458026346,1.0,-8.92951694760676,2.663111464743678,6.074484306509454,0.13153744076579613,613.6903300435819,779.3867191553489,1129.1902072801906,118.26844321662598,3.38703547160149,0.24021528167386455,0.5557827176517158,0.004655888099810792,1.0,calibrated_proxy,613.7;779.4;1129.2;1319.4;1607.9;1902.4;2135.6;2424.1;2706.4;3007.1
228,72.51105884109961,1.0680026588063716,4.458577670950926,8.438976703021165,0.5450189772116605,0.0,-30.061409333000395,20.199106615417424,27.763008581643202,0.2079041749865653,896.915210492182,1139.0823173250712,1650.323987305615,50.13025876912563,3.1248787038476618,0.22162260310976326,2.67043786562942,1.9859846770705665e-05,0.0,calibrated_proxy,896.9;1139.1;1650.3;1928.4;2349.9;2780.4;3121.3;3542.8;3955.4;4394.9
229,68.99970346578375,1.0349442201890997,6.4027678345146635,7.846362775537734,0.336910972967518,1.0,-15.694304947468936,7.7186122520025355,13.493413352208613,0.16212041405285393,717.5587638979106,911.2996301503465,1320.3081255721556,76.31884915405867,3.133629221554922,0.22224320720247673,1.4109378225629965,0.0002768845154522876,1.0,calibrated_proxy,717.6;911.3;1320.3;1542.8;1880.0;2224.4;2497.1;2834.4;3164.4;3516.0
230,78.08792000243078,1.2345190554341214,8.790869662151447,11.40424238043261,0.4928743181362769,0.0,-52.2644266964038,16.518906356524393,23.875549439077506,0.19643234998998094,851.8669522130169,1081.8710293105314,1567.4351920719512,54.817840286989,3.206438937277216,0.22740701682817135,2.3565714927239183,3.464062372226541e-05,0.0,calibrated_proxy,851.9;1081.9;1567.4;1831.5;2231.9;2640.8;2964.5;3364.9;3756.7;4174.1
231,59.128390843786406,0.5759760046928242,5.346927255141031,8.060580187057035,0.1556215357225796,1.0,-7.7126264993872855,1.6468282418844802,4.235977414623029,0.12223673785896752,591.1541924602961,750.7658244245761,1087.723714126945,142.33996696753286,3.5759840735381374,0.2536158917402934,0.2926797997780175,0.015807685807367907,1.0,calibrated_proxy,591.2;750.8;1087.7;1271.0;1548.8;1832.6;2057.2;2335.1;2607.0;2896.7
232,66.08368965796609,0.950078412368466,6.972457175630327,10.914103497731293,0.2416571936099464,1.0,-13.79103650722895,3.971077547193588,8.196881982881981,0.1411645825941882,642.7492331863219,816.2915261466288,1182.6585890628323,100.73684506175769,2.965784939625002,0.21033935742021292,0.8265412212105414,0.0016378238211050599,1.0,calibrated_proxy,642.7;816.3;1182.7;1381.9;1684.0;1992.5;2236.8;2538.9;2834.5;3149.5
233,57.210641953187135,0.533260065800308,5.26610251635851,13.866189969202551,0.12469539151412017,1.0,-9.9573719809418,1.0573279652104604,3.0382583171771422,0.11543298613310643,579.466211224505,735.9220882551213,1066.217828653089,167.3846304746724,3.080732204839244,0.21849164573327973,0.09926460678145554,0.046648632326691954,1.0,calibrated_proxy,579.5;735.9;1066.2;1245.9;1518.2;1796.3;2016.5;2288.9;2555.4;2839.4
234,56.99991047304742,0.5087236279707189,6.6596754125977125,9.836975196575324,0.1052958238545673,1.0,-6.5473541070386165,0.7539303154424204,2.357576593773174,0.11116508124800481,574.7628854798098,729.9488645593585,1057.5637092828501,188.2238011017852,3.763736230023897,0.26693164751942533,-0.022440313483527596,0.10275913836105698,0.0,calibrated_proxy,574.8;729.9;1057.6;1235.7;1505.9;1781.8;2000.2;2270.3;2534.7;2816.3
235,71.36656847361066,0.6753740021005202,6.2446254526452645,12.710223666151723,0.2289585547909918,1.0,-27.6879252421948,3.5646973472146124,7.559349123561048,0.1383708820540182,633.8403705733307,804.97727062813,1166.2662818549286,105.25530091717383,2.945159504099449,0.20887656057442902,0.7481304827088087,0.0021766259890997394,1.0,calibrated_proxy,633.8;805.0;1166.3;1362.8;1660.7;1964.9;2205.8;2503.7;2795.2;3105.8
236,61.465012501555876,1.4181480765356609,7.7439202530764595,14.272328089732202,0.2706674243998706,1.0,-10.477814143366995,4.981738114925658,9.716348339213864,0.14754683336797153,664.2557399784679,843.6047897726543,1222.230561560381,91.76130090764131,3.1843135311118838,0.2258378390859492,1.0052026091608912,0.0008973568985920497,1.0,calibrated_proxy,664.3;843.6;1222.2;1428.1;1740.4;2059.2;2311.6;2623.8;2929.4;3254.9
237,59.70904407269841,0.7483437956333607,4.8650602024706595,12.5848735350125,0.20270843243308465,1.0,-11.710264446906251,2.794168183404534,6.297335238177099,0.1325958551352786,616.6394308117833,783.1320771309648,1134.6165526936813,116.04238649600228,2.9049222828599226,0.20602285694042005,0.5856275069484105,0.004111207462057068,1.0,calibrated_proxy,616.6;783.1;1134.6;1325.8;1615.6;1911.6;2145.9;2435.7;2719.4;3021.5
238,66.38970333988966,1.4047137687951632,5.113630359140466,14.792882101925262,0.4405005152445351,0.0,-21.758237155078536,13.194767867287661,20.172917937549773,0.1849101133537977,806.365119707856,1024.083702028977,1483.7118202624551,60.52067142508346,3.2956644861373032,0.23373506993881585,2.0402835207763275,6.427203001159454e-05,0.0,calibrated_proxy,806.4;1024.1;1483.7;1733.7;2112.7;2499.7;2806.2;3185.1;3556.1;3951.2
239,78.70289995032044,1.016980216417084,7.943774480054504,9.914514835837268,0.4762146347361899,0.0,-56.95122493738383,15.421065726910749,22.67530813245733,0.19276721964196178,837.4042302327293,1063.5033723955662,1540.8237836282221,56.50960993422027,3.2340094429127952,0.2293623718377869,2.2560833496140615,4.1870844834639994e-05,0.0,calibrated_proxy,837.4;1063.5;1540.8;1800.4;2194.0;2596.0;2914.2;3307.7;3693.0;4103.3
240,69.02408280580411,0.8510758318698048,5.510767491969103,7.3564069866916215,0.31709609047765774,1.0,-16.530343804820955,6.837395280542614,12.320701110960425,0.1577611399050847,701.1586668903377,890.4715069507289,1290.1319470782214,80.35369159952714,3.097612050924331,0.2196887979378958,1.289876125630086,0.000384061563407558,1.0,calibrated_proxy,701.2;890.5;1290.1;1507.5;1837.0;2173.6;2440.0;2769.6;3092.1;3435.7
241,73.11430218751667,0.9420648433652943,6.749844663003942,9.762831257974057,0.34453001256580756,1.0,-27.25707245758434,8.071663209984495,13.953709611933206,0.16379660276447766,723.9405083558144,919.4044456118843,1332.0505353746985,74.87516670079975,3.1475331375194773,0.22322930053329626,1.4574235772357174,0.0002453266919079609,1.0,calibrated_proxy,723.9;919.4;1332.1;1556.5;1896.7;2244.2;2519.3;2859.6;3192.6;3547.3
242,78.57767679406922,0.6029393484928139,8.915348583170672,8.16678708841947,0.2625764736231794,1.0,-47.39153042595802,4.688355506026126,9.283950323771325,0.14576682419709946,658.1136443287024,835.8043282974521,1210.9291055648125,94.0965724686434,3.0010229685109246,0.21283850840503013,0.9554378567967061,0.0010547453814026375,1.0,calibrated_proxy,658.1;835.8;1210.9;1414.9;1724.3;2040.2;2290.2;2599.5;2902.3;3224.8
243,56.41982042272129,1.2723051963486391,9.956088188647804,12.328628361308978,0.18059955827163424,1.0,-5.641022072241263,2.2179016304578396,5.29570904638246,0.12773190281975952,603.6885508830719,766.6844596215013,1110.7869336248523,127.04431008908689,4.046737818682818,0.2870026821760864,0.4483135834337977,0.007451664586191526,1.0,calibrated_proxy,603.7;766.7;1110.8;1297.9;1581.7;1871.4;2100.8;2384.6;2662.3;2958.1
244,69.19106382271309,1.386121399437875,7.551487219453611,13.018582546282637,0.36185226957723005,1.0,-19.69277273996866,8.90372041987708,15.019173771785745,0.1676074993069906,738.5775182179857,937.9934481368418,1358.9826335210937,71.79128363147836,3.179193148656107,0.22547469139405016,1.562985235707938,0.00018803064638649798,1.0,calibrated_proxy,738.6;938.0;1359.0;1587.9;1935.1;2289.6;2570.2;2917.4;3257.1;3619.0
245,74.46562690393276,1.3272891742080648,9.00396734912503,8.50998610796041,0.4246717706252689,1.0,-25.63777454686926,12.263535668088068,19.095418464740455,0.18142778953755917,792.6229005671864,1006.6310837203268,1458.4261370436232,62.49016740448805,3.293458382030305,0.23357860865463156,1.944463227454646,7.854724617613435e-05,1.0,calibrated_proxy,792.6;1006.6;1458.4;1704.1;2076.7;2457.1;2758.3;3130.9;3495.5;3883.9
246,58.60361627104947,1.128626213392712,5.427848129830496,14.385042959878525,0.26486529287240845,1.0,-11.020095368342702,4.770446389050296,9.40560358816778,0.14627036443192987,659.8407493288594,837.9977516476514,1214.1069787651013,93.42375276913567,3.0552021338891384,0.216681002403485,0.9695205399711573,0.0010071489392112112,1.0,calibrated_proxy,659.8;838.0;1214.1;1418.7;1728.8;2045.5;2296.2;2606.4;2909.9;3233.2
247,64.70054298341287,1.3392540376482112,4.071301233485098,7.907430669538128,0.5330589117775416,0.0,-14.090560702441783,19.32232263293107,26.854180474403783,0.20527296059105915,886.6212545829852,1126.0089933203913,1631.3831084326928,51.13195308213067,3.1429667731381703,0.22290544490341635,2.5985325986756287,2.2459040727229355e-05,0.0,calibrated_proxy,886.6;1126.0;1631.4;1906.2;2322.9;2748.5;3085.4;3502.2;3910.0;4344.4
248,74.30516579170144,0.763549424310688,4.705137576669212,8.820673824272612,0.4096010981295939,0.0,-37.3285719320961,11.408568052049906,18.08800874015305,0.17811224158851063,779.5669899437679,990.0500772285852,1434.403261496533,64.49069878618766,3.2662211928972735,0.23164689311328182,1.8531246127450602,9.571466248658279e-05,0.0,calibrated_proxy,779.6;990.1;1434.4;1676.1;2042.5;2416.7;2712.9;3079.3;3437.9;3819.9
249,75.56059251776477,1.2391767456131144,9.40954060058932,8.290976047905348,0.41135250869155565,1.0,-28.80602221269802,11.506340275664874,18.204146258486325,0.17849755191214223,781.0823471987285,991.9745809423852,1437.1915188456605,64.25153307802665,3.2693941652771863,0.2318719266154033,1.8637448973637962,9.350814783839853e-05,1.0,calibrated_proxy,781.1;992.0;1437.2;1679.3;2046.4;2421.4;2718.2;3085.3;3444.6;3827.3
250,68.68014818108594,0.7182000580736134,5.646034064867319,8.789061578554971,0.2500522483513049,1.0,-17.535599160049433,4.251776629576901,8.627703993446927,0.14301149463728707,648.8192744445818,824.0004785446189,1193.8274649780305,97.96046751871881,2.979756277406383,0.211330232440169,0.878308716369083,0.0013671443930911211,1.0,calibrated_proxy,648.8;824.0;1193.8;1395.0;1699.9;2011.3;2257.9;2562.8;2861.3;3179.2
